Query,Millis,PreMillis,PostMillis,Tuples,Iterations,Lookups,NrIndexEntries,nrUniqueLookups,NrUctNodes,NrPlans,JoinCard,NrSamples,AvgReward,MaxReward,TotalWork
01a.sql,975,754,0,1863,3848,0,1280,1847,10,8,142,8,0.11618526714960892,0.5549384440655096,1.0
01b.sql,1915,1735,0,1043,2044,0,2396141,772,7,5,3,5,0.0895160693275683,0.4473287826421169,1.0
01c.sql,748,722,0,1629,3088,0,501,1383,9,7,3,7,0.07299823796276664,0.5029822414867863,1.0
01d.sql,3375,3328,1,222,550,0,1648,102,4,2,4,2,0.22369096125311125,0.4473819225062225,1.0
02a.sql,475,2,1,239323,605386,0,1458376631,216670,50,16,7834,1211,0.008952292094090701,0.2212845880728301,1.0
02b.sql,309,1,1,210855,525087,0,1458017035,184488,47,18,5228,1051,0.008188830530004538,0.3913249156732339,1.0
02c.sql,7,1,0,703,1519,0,1339576,551,6,4,0,4,1.7229046761470346E-4,6.571838841623325E-4,1.0
02d.sql,672,71,59,313371,707756,0,1459099075,247109,45,17,68316,1416,0.05055941421401359,0.41369986467223097,1.0
03a.sql,2702,2675,0,16587,47548,0,111108317,18153,21,8,206,96,0.008512361113270783,0.27164857834239436,1.0
03b.sql,349,340,0,5359,11345,0,3334238,5820,19,8,5,23,0.04897897710463429,0.2704678362573099,1.0
03c.sql,2251,2197,0,30203,74481,0,111140019,29939,28,8,7250,149,0.05102331521231083,0.144944718718518,1.0
04a.sql,1222,1200,0,20784,56260,0,154529471,21572,34,14,740,113,0.010801896174944224,0.14114483873116407,1.0
04b.sql,459,450,0,4005,8571,0,3431124,4059,21,11,6,18,0.0434593858625944,0.2936619096671656,1.0
04c.sql,1963,1927,0,41172,94060,0,181172111,33528,39,14,4700,189,0.02843242966670054,0.28639823088579686,1.0
05a.sql,1382,1328,0,957,2002,0,152,1026,7,5,0,5,0.003760791948658553,0.013279341005745593,1.0
05b.sql,819,810,0,446,1002,0,124,485,5,3,0,3,1.1953931765119046E-4,2.8340473771019183E-4,1.0
05c.sql,2499,2444,0,4843,10334,0,2428872,4674,22,16,669,21,0.11391530769212307,0.50165381404393,1.0
06a.sql,1444,1427,0,3994,9939,0,783119,4511,23,10,6,20,0.04765720411946498,0.29060596741998157,1.0
06b.sql,1193,1184,0,1866,3949,0,34929,1706,10,7,12,8,0.03919522166888693,0.2834229632629025,1.0
06c.sql,1102,1095,0,579,1645,0,30793,481,6,4,2,4,0.008653511830373417,0.018391829644986715,1.0
06d.sql,1992,1979,0,8436,18473,0,116729,8709,23,11,88,37,0.009711062928423483,0.2754220646364889,1.0
06e.sql,1991,1980,0,4095,10853,0,909874,4421,23,9,6,22,0.04325327890900618,0.2906059730017551,1.0
06f.sql,3829,1007,29,1625001,3271788,0,463225717,826832,44,14,785477,6544,0.12018619854517583,0.16300000000000378,1.0
07a.sql,1792,1744,0,22823,49119,0,376457,25201,47,40,32,99,0.013466092842463749,0.19343773090814292,1.0
07b.sql,1302,1276,0,4360,9824,0,119880,4591,23,20,16,20,0.01326563994941916,0.15783759704412004,1.0
07c.sql,6301,3316,0,1534810,4272105,0,330210156,1651237,167,138,68185,8545,0.008428611403091094,0.28400657263320117,1.0
08a.sql,2026,1903,0,27522,56816,0,23511,28223,44,34,62,114,0.02219583813466346,0.31417369353885816,1.0
08b.sql,1586,1572,0,1012,2359,0,1156442,1078,7,5,6,5,0.002155600900085917,0.004830925811419349,1.0
08c.sql,17429,11,9,17290046,41861368,0,66442368,16509166,156,104,2487611,83723,0.02974302757133024,0.465,1.0
08d.sql,17130,11,1,20658175,59669971,0,4238746972,19928458,230,147,323005,119340,0.0027473916592277697,0.39360215763836853,1.0
09a.sql,2824,2779,0,12448,26616,0,21064,12994,39,34,121,54,0.04262094951097468,0.3966854543090964,1.0
09b.sql,1727,1598,0,10216,21556,0,11637,10347,38,34,40,44,0.050014993041696564,0.4371416930539419,1.0
09c.sql,1477,1366,0,126074,266994,0,129880,120711,102,64,8144,534,0.020813052491155795,0.34063074325335013,1.0
09d.sql,4877,1471,4,4293551,9115782,0,195486015,3688036,294,222,483082,18232,0.02675955374981065,0.35963093345564023,1.0
10a.sql,2274,2258,0,14552,38000,0,496947,14823,38,29,104,76,0.016835072318264106,0.2513227513227513,1.0
10b.sql,2539,2533,0,598,1187,0,1610,564,5,3,0,3,6.638500388879388E-5,1.99155005609788E-4,1.0
10c.sql,4626,3598,0,3169113,6342678,0,17329,3169428,438,123,10,12686,3.840433557399726E-4,0.3676470588235294,1.0
11a.sql,1886,1840,0,10463,23405,0,11260008,8549,50,45,310,47,0.024168905912035996,0.1290070743443584,1.0
11b.sql,1195,1184,1,1513,2994,0,3366,1688,8,6,14,6,0.005262684903502707,0.030715674437646945,1.0
11c.sql,3846,3422,0,422706,863305,0,30120796,452315,151,94,6946,1727,0.00975918328228361,0.33427076759474555,1.0
11d.sql,4192,3838,1,131962,333069,0,987482382,153291,90,64,14899,667,0.025926059815281097,0.167,1.0
12a.sql,1293,1221,0,26150,60874,0,99597474,26844,59,43,397,122,0.021348809080910174,0.24814358947010598,1.0
12b.sql,1379,1368,0,1659,3867,0,6112588,1447,10,8,10,8,0.10027356155491099,0.49999794404556336,1.0
12c.sql,1949,1487,0,452368,962125,0,21649337,474297,138,93,4711,1925,0.004590710667496139,0.4262303757729807,1.0
13a.sql,3269,2,1,826622,1584006,0,536534972,618261,200,143,111101,3169,0.037161074435514245,0.41919821209151914,1.0
13b.sql,2071,2005,0,8749,17972,0,89862455,6268,38,29,372,36,0.05013744278321704,0.3474762020572853,1.0
13c.sql,1317,1304,1,6414,13932,0,14303785,5809,31,28,53,28,0.06695832619021938,0.25907921778827525,1.0
13d.sql,7335,11,3,7446848,14180361,0,75487489054,5455130,280,200,670390,28361,0.023901035649564868,0.29519429397379904,1.0
14a.sql,1751,1700,0,53454,144787,0,745893306,52349,88,53,761,290,0.006150752825351258,0.3135121267070931,1.0
14b.sql,1220,1210,0,1112,2296,0,15418318,946,7,5,1,5,0.001064077189351295,0.004803057510023364,1.0
14c.sql,2253,2078,0,92740,228151,0,698807151,85525,58,40,4115,457,0.010799854114719912,0.1586458677122729,1.0
15a.sql,2186,2168,0,7935,17352,0,1191739,9595,38,35,328,35,0.059371559112290626,0.48515720461831036,1.0
15b.sql,2170,2065,0,4691,10685,0,205721,5739,25,22,37,22,0.043382592406317484,0.42728574716245815,1.0
15c.sql,2968,2946,0,14239,30482,0,113910,14446,39,33,2271,61,0.06888630836901911,0.5166209504618531,1.0
15d.sql,1724,1530,0,105557,244111,0,473836,132616,109,81,11347,489,0.028285027527001468,0.13072631407912405,1.0
16a.sql,136,91,0,106328,234484,0,18981365,117572,90,64,385,469,0.006584741218026757,0.25181598062953997,1.0
16b.sql,22907,118,14,23068654,49565810,0,4862881105,20090527,151,88,3710592,99132,0.03748472671490692,0.398,1.0
16c.sql,1605,722,2,940726,2041016,0,1484174828,850036,87,52,319932,4083,0.07935041334057723,0.46228025570245534,1.0
16d.sql,1452,525,2,981450,2235833,0,1409601932,785855,136,105,249455,4472,0.056619102473553486,0.26144591490757957,1.0
17a.sql,3374,798,1,3774420,9426010,0,1534429810,3979302,110,54,258289,18853,0.013924919256004213,0.45178794629277286,1.0
17b.sql,3393,566,0,4476074,11581054,0,1802227218,5406246,113,77,52306,23163,0.0024469465610035706,0.432811450851103,1.0
17c.sql,648,585,0,122104,268232,0,670384,126205,66,47,1918,537,0.006948654541916737,0.07149578953643156,1.0
17d.sql,1465,1051,1,600487,1399839,0,91926723,600458,149,96,11538,2800,0.004778532251804147,0.07600000002880042,1.0
17e.sql,17428,11,6,24045339,53920905,0,2760677053,26038062,361,166,2832555,107842,0.02638491027050968,0.325713463100345,1.0
17f.sql,8321,1521,2,7305423,19133653,0,3016896017,7063259,169,92,1113120,38268,0.029227674983254525,0.37721607659490175,1.0
18a.sql,2840,2669,0,88054,199137,0,74533880,77243,70,38,410,399,0.008073221339117153,0.375985721439846,1.0
18b.sql,2765,2745,1,22848,54050,0,99872060,24221,42,31,11,109,0.021303494764300424,0.44062796013597466,1.0
18c.sql,4154,3548,0,599703,1250164,0,207093752,501405,100,66,28073,2501,0.01276893814660679,0.384659367066532,1.0
19a.sql,6385,6312,0,13271,28013,0,26124,13592,50,45,184,57,0.04401060376166097,0.48145015439641126,1.0
19b.sql,6294,6220,0,682,1451,0,4910,911,5,3,15,3,4.622731616611754E-5,1.3868194460932187E-4,1.0
19c.sql,5733,5367,1,132955,298143,0,140831,139832,144,118,3575,597,0.011693696336962883,0.38767719211363577,1.0
19d.sql,14509,3190,7,12685872,21318481,0,300835255,7099715,1536,1197,1760645,42637,0.04266942728072744,0.42,1.0
20a.sql,3641,3598,0,24462,63856,0,199177587,33115,107,89,33,128,0.009286965469384635,0.29546936064856333,1.0
20b.sql,3854,3835,0,7676,17359,0,53533377,7535,38,35,17,35,0.023977790826949896,0.320890564747226,1.0
20c.sql,3415,2620,0,709107,1960002,0,1105804337,1004484,241,202,5406,3921,0.0018090743888689747,0.30364189137584663,1.0
21a.sql,2200,2087,0,28688,58068,0,2379569,23799,121,110,1410,117,0.0330398754939154,0.26000000000022194,1.0
21b.sql,1947,1797,0,12025,25863,0,1051896,11120,44,36,38,52,0.011404483114527787,0.09038274625465026,1.0
21c.sql,3426,3400,0,21451,43737,0,24970940,18424,63,52,1874,88,0.028216011233376758,0.1178742184626701,1.0
22a.sql,2322,2239,0,86247,219949,0,680210773,95712,153,129,2851,440,0.008548376344297014,0.16875483453793905,1.0
22b.sql,2225,2052,0,66544,182560,0,1303079977,74293,177,157,31,366,0.0023369319212852083,0.16881699459167523,1.0
22c.sql,2666,2405,0,199523,415930,0,903523101,164148,179,146,21489,832,0.027214987049025776,0.17158447830284818,1.0
22d.sql,2444,2109,0,350729,731647,0,968983506,292403,207,177,46281,1464,0.032792090169382,0.15189871230566598,1.0
23a.sql,2783,2750,0,14380,29278,0,77815565,13269,62,59,618,59,0.057595987491360384,0.3440079032095748,1.0
23b.sql,2212,2192,0,8587,18997,0,46514948,10273,41,38,16,38,0.03418847181929221,0.34396121835525517,1.0
23c.sql,3108,3071,0,13831,29646,0,52398075,15881,63,55,628,60,0.050191091171945555,0.3798701298701299,1.0
24a.sql,3129,3045,0,24325,60656,0,33396272,24148,116,105,275,122,0.010541933346882148,0.3406159387961175,1.0
24b.sql,3303,3177,0,5646,11985,0,660076,5157,27,24,45,24,0.06305876906304145,0.44306486276621826,1.0
25a.sql,3605,3284,0,135644,356465,0,1124628548,142722,80,62,4407,713,0.007297632361886378,0.020412859544602403,1.0
25b.sql,3719,3708,0,1142,2497,0,1061,1076,7,5,6,5,3.159518642582852E-5,8.883091329453839E-5,1.0
25c.sql,4492,3737,0,382698,912562,0,1308296830,383354,129,103,26153,1826,0.014817327913475394,0.046543329874468846,1.0
26a.sql,7178,4241,0,309361,787444,0,3965596855,436214,345,288,1728,1575,0.0022920133420207493,0.34395602346489346,1.0
26b.sql,4088,3493,0,306199,730010,0,11173297584,287991,720,570,93,1461,0.003373018385545577,0.3025632302427064,1.0
26c.sql,5041,3892,0,471412,1291709,0,684125646,483338,431,365,5400,2584,0.002892525587734253,0.3189929002254434,1.0
27a.sql,2655,2329,1,30901,61648,0,3785278,27260,128,124,477,124,0.022058279344926438,0.14000000000076684,1.0
27b.sql,2750,2598,0,19458,45813,0,225361462,19452,95,92,247,92,0.015843722233880617,0.13200101320061755,1.0
27c.sql,3422,3378,0,28767,62578,0,68673306,28535,129,122,743,126,0.025853252568029835,0.236,1.0
28a.sql,3150,2741,0,144134,335619,0,731108296,138013,418,373,4803,672,0.009744986698475764,0.3335853692668621,1.0
28b.sql,1650,1443,0,120654,263619,0,71362806,133182,321,287,148,528,0.00829787283592558,0.3879312914139163,1.0
28c.sql,2842,2511,0,180239,417023,0,1267079452,195301,486,436,8373,835,0.012088830560251177,0.17158147375038016,1.0
29a.sql,3136,2937,0,85156,144752,0,134716715,59900,286,279,1620,290,0.04784332226171173,0.3937100241719571,1.0
29b.sql,2585,2430,0,11113,23537,0,46830984,11533,51,48,15,48,0.046503529703385386,0.3457097644393679,1.0
29c.sql,6415,3795,0,2448600,5008001,0,215785076,3745342,1675,1403,16308,10017,0.0035113321539735087,0.3406326431008664,1.0
30a.sql,4656,4253,0,111570,251035,0,579308397,126902,219,210,757,503,0.0067258938158680105,0.4286908077994429,1.0
30b.sql,4404,4325,0,10956,22944,0,109254863,11001,49,46,28,46,0.025090967536815546,0.3180628272251309,1.0
30c.sql,5690,4514,1,609295,1297482,0,565542297,671287,396,371,8024,2595,0.004427607105247082,0.20084138336629542,1.0
31a.sql,3527,3233,0,92496,195020,0,122173387,96640,182,170,1273,391,0.005774346187861938,0.25341746470585197,1.0
31b.sql,5008,4730,0,18460,38475,0,80221357,16045,80,74,84,77,0.01738751654333815,0.39652768053077253,1.0
31c.sql,2492,2004,0,276348,687752,0,54535981222,273619,325,253,2825,1376,0.0027506505518677666,0.15965008652038118,1.0
32a.sql,5,0,1,939,2008,0,2704,922,7,5,0,5,5.970413667952844E-5,1.6668338151919201E-4,1.0
32b.sql,199,0,0,82717,208322,0,124945262,82070,44,16,4388,417,0.012817897935221294,0.10823299555093942,1.0
33a.sql,1067,988,0,11969,29022,0,61930574,11234,62,59,8,59,0.009000666957773443,0.05527192307914764,1.0
33b.sql,599,524,0,8923,20868,0,74830016,8586,45,42,4,42,0.01155296664033537,0.08854236157438292,1.0
33c.sql,1938,1711,0,50453,142021,0,1299061207,50334,191,179,114,285,0.01106803719622922,0.44146253602305474,1.0
