benchmark/ssb/q1-1.benchmark,1,38.3099
benchmark/ssb/q1-1.benchmark,2,37.8129
benchmark/ssb/q1-1.benchmark,3,37.0836
benchmark/ssb/q1-1.benchmark,4,38.2184
benchmark/ssb/q1-1.benchmark,5,36.9595
benchmark/ssb/q1-1.benchmark,6,37.9215
benchmark/ssb/q1-1.benchmark,7,37.8999
benchmark/ssb/q1-1.benchmark,8,36.9925
benchmark/ssb/q1-1.benchmark,9,38.2065
benchmark/ssb/q1-1.benchmark,10,37.3974
benchmark/ssb/q1-1.benchmark,11,37.4589
benchmark/ssb/q1-1.benchmark,12,38.0744
benchmark/ssb/q1-1.benchmark,13,36.7985
benchmark/ssb/q1-1.benchmark,14,38.2345
benchmark/ssb/q1-1.benchmark,15,36.7944
benchmark/ssb/q1-1.benchmark,16,38.1336
benchmark/ssb/q1-1.benchmark,17,38.0116
benchmark/ssb/q1-1.benchmark,18,36.852
benchmark/ssb/q1-1.benchmark,19,38.2869
benchmark/ssb/q1-1.benchmark,20,36.7457
benchmark/ssb/q1-2.benchmark,1,39.9148
benchmark/ssb/q1-2.benchmark,2,40.2306
benchmark/ssb/q1-2.benchmark,3,39.5868
benchmark/ssb/q1-2.benchmark,4,39.8449
benchmark/ssb/q1-2.benchmark,5,39.9367
benchmark/ssb/q1-2.benchmark,6,39.7135
benchmark/ssb/q1-2.benchmark,7,39.855
benchmark/ssb/q1-2.benchmark,8,39.7723
benchmark/ssb/q1-2.benchmark,9,39.9729
benchmark/ssb/q1-2.benchmark,10,39.6184
benchmark/ssb/q1-2.benchmark,11,39.1228
benchmark/ssb/q1-2.benchmark,12,39.7394
benchmark/ssb/q1-2.benchmark,13,39.6486
benchmark/ssb/q1-2.benchmark,14,39.2115
benchmark/ssb/q1-2.benchmark,15,39.5522
benchmark/ssb/q1-2.benchmark,16,39.7517
benchmark/ssb/q1-2.benchmark,17,39.3391
benchmark/ssb/q1-2.benchmark,18,39.7519
benchmark/ssb/q1-2.benchmark,19,39.5535
benchmark/ssb/q1-2.benchmark,20,39.3605
benchmark/ssb/q1-3.benchmark,1,39.2745
benchmark/ssb/q1-3.benchmark,2,41.181
benchmark/ssb/q1-3.benchmark,3,41.7893
benchmark/ssb/q1-3.benchmark,4,41.4964
benchmark/ssb/q1-3.benchmark,5,41.8109
benchmark/ssb/q1-3.benchmark,6,41.6575
benchmark/ssb/q1-3.benchmark,7,41.7567
benchmark/ssb/q1-3.benchmark,8,41.8591
benchmark/ssb/q1-3.benchmark,9,41.2801
benchmark/ssb/q1-3.benchmark,10,41.5949
benchmark/ssb/q1-3.benchmark,11,41.7887
benchmark/ssb/q1-3.benchmark,12,41.2044
benchmark/ssb/q1-3.benchmark,13,41.4806
benchmark/ssb/q1-3.benchmark,14,41.7596
benchmark/ssb/q1-3.benchmark,15,41.4713
benchmark/ssb/q1-3.benchmark,16,41.6714
benchmark/ssb/q1-3.benchmark,17,41.5858
benchmark/ssb/q1-3.benchmark,18,41.4567
benchmark/ssb/q1-3.benchmark,19,41.4796
benchmark/ssb/q1-3.benchmark,20,41.1539
benchmark/ssb/q2-1.benchmark,1,27.7939
benchmark/ssb/q2-1.benchmark,2,27.3015
benchmark/ssb/q2-1.benchmark,3,27.3217
benchmark/ssb/q2-1.benchmark,4,28.7952
benchmark/ssb/q2-1.benchmark,5,27.2273
benchmark/ssb/q2-1.benchmark,6,28.5114
benchmark/ssb/q2-1.benchmark,7,27.412
benchmark/ssb/q2-1.benchmark,8,28.3053
benchmark/ssb/q2-1.benchmark,9,27.7092
benchmark/ssb/q2-1.benchmark,10,27.9214
benchmark/ssb/q2-1.benchmark,11,28.1864
benchmark/ssb/q2-1.benchmark,12,27.6149
benchmark/ssb/q2-1.benchmark,13,28.5815
benchmark/ssb/q2-1.benchmark,14,27.3259
benchmark/ssb/q2-1.benchmark,15,28.7836
benchmark/ssb/q2-1.benchmark,16,27.2194
benchmark/ssb/q2-1.benchmark,17,28.3118
benchmark/ssb/q2-1.benchmark,18,27.5991
benchmark/ssb/q2-1.benchmark,19,28.1388
benchmark/ssb/q2-1.benchmark,20,28.0483
benchmark/ssb/q2-2.benchmark,1,26.2201
benchmark/ssb/q2-2.benchmark,2,25.7943
benchmark/ssb/q2-2.benchmark,3,26.0567
benchmark/ssb/q2-2.benchmark,4,26.2069
benchmark/ssb/q2-2.benchmark,5,25.8461
benchmark/ssb/q2-2.benchmark,6,26.4568
benchmark/ssb/q2-2.benchmark,7,25.602
benchmark/ssb/q2-2.benchmark,8,26.1115
benchmark/ssb/q2-2.benchmark,9,25.8582
benchmark/ssb/q2-2.benchmark,10,26.1344
benchmark/ssb/q2-2.benchmark,11,26.153
benchmark/ssb/q2-2.benchmark,12,25.8759
benchmark/ssb/q2-2.benchmark,13,26.416
benchmark/ssb/q2-2.benchmark,14,26.0126
benchmark/ssb/q2-2.benchmark,15,26.1881
benchmark/ssb/q2-2.benchmark,16,26.0552
benchmark/ssb/q2-2.benchmark,17,25.8631
benchmark/ssb/q2-2.benchmark,18,26.3815
benchmark/ssb/q2-2.benchmark,19,25.6435
benchmark/ssb/q2-2.benchmark,20,26.0827
benchmark/ssb/q2-3.benchmark,1,25.6712
benchmark/ssb/q2-3.benchmark,2,25.1287
benchmark/ssb/q2-3.benchmark,3,25.6064
benchmark/ssb/q2-3.benchmark,4,25.0287
benchmark/ssb/q2-3.benchmark,5,25.243
benchmark/ssb/q2-3.benchmark,6,25.6246
benchmark/ssb/q2-3.benchmark,7,24.9875
benchmark/ssb/q2-3.benchmark,8,25.5135
benchmark/ssb/q2-3.benchmark,9,25.1298
benchmark/ssb/q2-3.benchmark,10,25.2596
benchmark/ssb/q2-3.benchmark,11,25.6082
benchmark/ssb/q2-3.benchmark,12,25.0301
benchmark/ssb/q2-3.benchmark,13,25.5311
benchmark/ssb/q2-3.benchmark,14,25.172
benchmark/ssb/q2-3.benchmark,15,25.1856
benchmark/ssb/q2-3.benchmark,16,25.53
benchmark/ssb/q2-3.benchmark,17,25.0897
benchmark/ssb/q2-3.benchmark,18,25.6518
benchmark/ssb/q2-3.benchmark,19,24.9676
benchmark/ssb/q2-3.benchmark,20,25.2845
benchmark/ssb/q3-1.benchmark,1,40.1413
benchmark/ssb/q3-1.benchmark,2,41.339
benchmark/ssb/q3-1.benchmark,3,41.2456
benchmark/ssb/q3-1.benchmark,4,40.9646
benchmark/ssb/q3-1.benchmark,5,40.9157
benchmark/ssb/q3-1.benchmark,6,40.6344
benchmark/ssb/q3-1.benchmark,7,41.5936
benchmark/ssb/q3-1.benchmark,8,41.2531
benchmark/ssb/q3-1.benchmark,9,41.0785
benchmark/ssb/q3-1.benchmark,10,40.8474
benchmark/ssb/q3-1.benchmark,11,40.727
benchmark/ssb/q3-1.benchmark,12,41.5177
benchmark/ssb/q3-1.benchmark,13,41.2368
benchmark/ssb/q3-1.benchmark,14,40.9131
benchmark/ssb/q3-1.benchmark,15,40.8241
benchmark/ssb/q3-1.benchmark,16,40.7939
benchmark/ssb/q3-1.benchmark,17,41.4655
benchmark/ssb/q3-1.benchmark,18,40.9713
benchmark/ssb/q3-1.benchmark,19,41.2018
benchmark/ssb/q3-1.benchmark,20,40.2401
benchmark/ssb/q3-2.benchmark,1,28.5678
benchmark/ssb/q3-2.benchmark,2,29.0044
benchmark/ssb/q3-2.benchmark,3,28.4574
benchmark/ssb/q3-2.benchmark,4,29.1246
benchmark/ssb/q3-2.benchmark,5,28.396
benchmark/ssb/q3-2.benchmark,6,28.9285
benchmark/ssb/q3-2.benchmark,7,28.3648
benchmark/ssb/q3-2.benchmark,8,28.8695
benchmark/ssb/q3-2.benchmark,9,28.2909
benchmark/ssb/q3-2.benchmark,10,28.8781
benchmark/ssb/q3-2.benchmark,11,28.3737
benchmark/ssb/q3-2.benchmark,12,28.6348
benchmark/ssb/q3-2.benchmark,13,28.7402
benchmark/ssb/q3-2.benchmark,14,28.3131
benchmark/ssb/q3-2.benchmark,15,29.0016
benchmark/ssb/q3-2.benchmark,16,28.3549
benchmark/ssb/q3-2.benchmark,17,28.986
benchmark/ssb/q3-2.benchmark,18,28.3297
benchmark/ssb/q3-2.benchmark,19,29.0442
benchmark/ssb/q3-2.benchmark,20,28.3182
benchmark/ssb/q3-3.benchmark,1,26.0707
benchmark/ssb/q3-3.benchmark,2,25.9917
benchmark/ssb/q3-3.benchmark,3,26.0555
benchmark/ssb/q3-3.benchmark,4,26.0692
benchmark/ssb/q3-3.benchmark,5,26.2458
benchmark/ssb/q3-3.benchmark,6,26.1797
benchmark/ssb/q3-3.benchmark,7,26.221
benchmark/ssb/q3-3.benchmark,8,25.7468
benchmark/ssb/q3-3.benchmark,9,26.3133
benchmark/ssb/q3-3.benchmark,10,25.8814
benchmark/ssb/q3-3.benchmark,11,26.1495
benchmark/ssb/q3-3.benchmark,12,25.975
benchmark/ssb/q3-3.benchmark,13,26.3668
benchmark/ssb/q3-3.benchmark,14,25.9575
benchmark/ssb/q3-3.benchmark,15,26.2868
benchmark/ssb/q3-3.benchmark,16,25.9164
benchmark/ssb/q3-3.benchmark,17,26.3298
benchmark/ssb/q3-3.benchmark,18,25.9247
benchmark/ssb/q3-3.benchmark,19,26.3475
benchmark/ssb/q3-3.benchmark,20,25.8803
benchmark/ssb/q4-1.benchmark,1,51.3893
benchmark/ssb/q4-1.benchmark,2,51.3687
benchmark/ssb/q4-1.benchmark,3,50.6446
benchmark/ssb/q4-1.benchmark,4,50.7146
benchmark/ssb/q4-1.benchmark,5,51.0582
benchmark/ssb/q4-1.benchmark,6,51.1255
benchmark/ssb/q4-1.benchmark,7,51.4253
benchmark/ssb/q4-1.benchmark,8,50.5664
benchmark/ssb/q4-1.benchmark,9,50.7206
benchmark/ssb/q4-1.benchmark,10,51.0579
benchmark/ssb/q4-1.benchmark,11,51.0676
benchmark/ssb/q4-1.benchmark,12,51.5056
benchmark/ssb/q4-1.benchmark,13,50.5775
benchmark/ssb/q4-1.benchmark,14,50.7019
benchmark/ssb/q4-1.benchmark,15,50.9434
benchmark/ssb/q4-1.benchmark,16,51.0708
benchmark/ssb/q4-1.benchmark,17,51.5439
benchmark/ssb/q4-1.benchmark,18,50.5824
benchmark/ssb/q4-1.benchmark,19,50.8282
benchmark/ssb/q4-1.benchmark,20,50.792
benchmark/ssb/q4-2.benchmark,1,52.0748
benchmark/ssb/q4-2.benchmark,2,51.5947
benchmark/ssb/q4-2.benchmark,3,52.0182
benchmark/ssb/q4-2.benchmark,4,51.635
benchmark/ssb/q4-2.benchmark,5,51.9888
benchmark/ssb/q4-2.benchmark,6,52.0789
benchmark/ssb/q4-2.benchmark,7,51.9325
benchmark/ssb/q4-2.benchmark,8,51.5686
benchmark/ssb/q4-2.benchmark,9,51.7888
benchmark/ssb/q4-2.benchmark,10,51.4923
benchmark/ssb/q4-2.benchmark,11,52.1736
benchmark/ssb/q4-2.benchmark,12,52.1644
benchmark/ssb/q4-2.benchmark,13,51.882
benchmark/ssb/q4-2.benchmark,14,51.6157
benchmark/ssb/q4-2.benchmark,15,51.8236
benchmark/ssb/q4-2.benchmark,16,51.4493
benchmark/ssb/q4-2.benchmark,17,52.2018
benchmark/ssb/q4-2.benchmark,18,52.0756
benchmark/ssb/q4-2.benchmark,19,51.5503
benchmark/ssb/q4-2.benchmark,20,52.1629
benchmark/ssb/q4-3.benchmark,1,36.9233
benchmark/ssb/q4-3.benchmark,2,37.2285
benchmark/ssb/q4-3.benchmark,3,37.2455
benchmark/ssb/q4-3.benchmark,4,36.8622
benchmark/ssb/q4-3.benchmark,5,37.7698
benchmark/ssb/q4-3.benchmark,6,36.8369
benchmark/ssb/q4-3.benchmark,7,37.5547
benchmark/ssb/q4-3.benchmark,8,37.2046
benchmark/ssb/q4-3.benchmark,9,36.8957
benchmark/ssb/q4-3.benchmark,10,37.7067
benchmark/ssb/q4-3.benchmark,11,36.8479
benchmark/ssb/q4-3.benchmark,12,37.6615
benchmark/ssb/q4-3.benchmark,13,37.1098
benchmark/ssb/q4-3.benchmark,14,36.8391
benchmark/ssb/q4-3.benchmark,15,37.6109
benchmark/ssb/q4-3.benchmark,16,37.1714
benchmark/ssb/q4-3.benchmark,17,37.5254
benchmark/ssb/q4-3.benchmark,18,36.9922
benchmark/ssb/q4-3.benchmark,19,37.1319
benchmark/ssb/q4-3.benchmark,20,37.3242
