benchmark/imdb/01a.benchmark,1,0.457983
benchmark/imdb/01a.benchmark,2,0.457379
benchmark/imdb/01a.benchmark,3,0.457577
benchmark/imdb/01a.benchmark,4,0.457607
benchmark/imdb/01a.benchmark,5,0.457386
benchmark/imdb/01a.benchmark,6,0.458572
benchmark/imdb/01a.benchmark,7,0.457747
benchmark/imdb/01a.benchmark,8,0.457352
benchmark/imdb/01a.benchmark,9,0.457896
benchmark/imdb/01a.benchmark,10,0.457883
benchmark/imdb/01a.benchmark,11,0.457709
benchmark/imdb/01a.benchmark,12,0.458143
benchmark/imdb/01a.benchmark,13,0.457038
benchmark/imdb/01a.benchmark,14,0.45701
benchmark/imdb/01a.benchmark,15,0.457733
benchmark/imdb/01a.benchmark,16,0.457079
benchmark/imdb/01a.benchmark,17,0.4576
benchmark/imdb/01a.benchmark,18,0.458604
benchmark/imdb/01a.benchmark,19,0.457543
benchmark/imdb/01a.benchmark,20,0.457536
benchmark/imdb/01b.benchmark,1,0.378832
benchmark/imdb/01b.benchmark,2,0.379111
benchmark/imdb/01b.benchmark,3,0.378691
benchmark/imdb/01b.benchmark,4,0.378823
benchmark/imdb/01b.benchmark,5,0.378526
benchmark/imdb/01b.benchmark,6,0.379032
benchmark/imdb/01b.benchmark,7,0.37889
benchmark/imdb/01b.benchmark,8,0.379167
benchmark/imdb/01b.benchmark,9,0.378605
benchmark/imdb/01b.benchmark,10,0.379158
benchmark/imdb/01b.benchmark,11,0.379939
benchmark/imdb/01b.benchmark,12,0.380004
benchmark/imdb/01b.benchmark,13,0.379416
benchmark/imdb/01b.benchmark,14,0.378983
benchmark/imdb/01b.benchmark,15,0.379111
benchmark/imdb/01b.benchmark,16,0.378837
benchmark/imdb/01b.benchmark,17,0.378882
benchmark/imdb/01b.benchmark,18,0.378938
benchmark/imdb/01b.benchmark,19,0.378626
benchmark/imdb/01b.benchmark,20,0.378939
benchmark/imdb/01c.benchmark,1,0.375662
benchmark/imdb/01c.benchmark,2,0.376117
benchmark/imdb/01c.benchmark,3,0.375786
benchmark/imdb/01c.benchmark,4,0.375574
benchmark/imdb/01c.benchmark,5,0.376227
benchmark/imdb/01c.benchmark,6,0.376181
benchmark/imdb/01c.benchmark,7,0.375894
benchmark/imdb/01c.benchmark,8,0.374988
benchmark/imdb/01c.benchmark,9,0.376158
benchmark/imdb/01c.benchmark,10,0.376316
benchmark/imdb/01c.benchmark,11,0.375619
benchmark/imdb/01c.benchmark,12,0.37551
benchmark/imdb/01c.benchmark,13,0.375617
benchmark/imdb/01c.benchmark,14,0.376859
benchmark/imdb/01c.benchmark,15,0.376817
benchmark/imdb/01c.benchmark,16,0.375707
benchmark/imdb/01c.benchmark,17,0.376292
benchmark/imdb/01c.benchmark,18,0.375247
benchmark/imdb/01c.benchmark,19,0.376498
benchmark/imdb/01c.benchmark,20,0.375471
benchmark/imdb/01d.benchmark,1,0.374612
benchmark/imdb/01d.benchmark,2,0.374673
benchmark/imdb/01d.benchmark,3,0.373811
benchmark/imdb/01d.benchmark,4,0.374669
benchmark/imdb/01d.benchmark,5,0.373819
benchmark/imdb/01d.benchmark,6,0.374366
benchmark/imdb/01d.benchmark,7,0.375253
benchmark/imdb/01d.benchmark,8,0.374163
benchmark/imdb/01d.benchmark,9,0.37449
benchmark/imdb/01d.benchmark,10,0.374265
benchmark/imdb/01d.benchmark,11,0.37412
benchmark/imdb/01d.benchmark,12,0.374214
benchmark/imdb/01d.benchmark,13,0.3739
benchmark/imdb/01d.benchmark,14,0.374345
benchmark/imdb/01d.benchmark,15,0.374203
benchmark/imdb/01d.benchmark,16,0.374185
benchmark/imdb/01d.benchmark,17,0.374362
benchmark/imdb/01d.benchmark,18,0.373797
benchmark/imdb/01d.benchmark,19,0.373966
benchmark/imdb/01d.benchmark,20,0.373485
benchmark/imdb/02a.benchmark,1,0.390827
benchmark/imdb/02a.benchmark,2,0.388473
benchmark/imdb/02a.benchmark,3,0.38831
benchmark/imdb/02a.benchmark,4,0.389244
benchmark/imdb/02a.benchmark,5,0.388816
benchmark/imdb/02a.benchmark,6,0.389428
benchmark/imdb/02a.benchmark,7,0.388964
benchmark/imdb/02a.benchmark,8,0.389337
benchmark/imdb/02a.benchmark,9,0.390514
benchmark/imdb/02a.benchmark,10,0.389808
benchmark/imdb/02a.benchmark,11,0.388576
benchmark/imdb/02a.benchmark,12,0.389452
benchmark/imdb/02a.benchmark,13,0.389917
benchmark/imdb/02a.benchmark,14,0.388801
benchmark/imdb/02a.benchmark,15,0.389365
benchmark/imdb/02a.benchmark,16,0.389614
benchmark/imdb/02a.benchmark,17,0.387662
benchmark/imdb/02a.benchmark,18,0.389018
benchmark/imdb/02a.benchmark,19,0.387742
benchmark/imdb/02a.benchmark,20,0.389886
benchmark/imdb/02b.benchmark,1,0.372222
benchmark/imdb/02b.benchmark,2,0.370909
benchmark/imdb/02b.benchmark,3,0.371776
benchmark/imdb/02b.benchmark,4,0.372275
benchmark/imdb/02b.benchmark,5,0.370542
benchmark/imdb/02b.benchmark,6,0.370861
benchmark/imdb/02b.benchmark,7,0.371319
benchmark/imdb/02b.benchmark,8,0.370599
benchmark/imdb/02b.benchmark,9,0.370006
benchmark/imdb/02b.benchmark,10,0.371286
benchmark/imdb/02b.benchmark,11,0.374114
benchmark/imdb/02b.benchmark,12,0.370046
benchmark/imdb/02b.benchmark,13,0.372445
benchmark/imdb/02b.benchmark,14,0.371863
benchmark/imdb/02b.benchmark,15,0.372058
benchmark/imdb/02b.benchmark,16,0.372573
benchmark/imdb/02b.benchmark,17,0.371537
benchmark/imdb/02b.benchmark,18,0.370464
benchmark/imdb/02b.benchmark,19,0.371314
benchmark/imdb/02b.benchmark,20,0.372666
benchmark/imdb/02c.benchmark,1,0.100345
benchmark/imdb/02c.benchmark,2,0.101557
benchmark/imdb/02c.benchmark,3,0.100446
benchmark/imdb/02c.benchmark,4,0.101324
benchmark/imdb/02c.benchmark,5,0.100828
benchmark/imdb/02c.benchmark,6,0.100416
benchmark/imdb/02c.benchmark,7,0.100904
benchmark/imdb/02c.benchmark,8,0.101326
benchmark/imdb/02c.benchmark,9,0.101698
benchmark/imdb/02c.benchmark,10,0.100773
benchmark/imdb/02c.benchmark,11,0.101559
benchmark/imdb/02c.benchmark,12,0.10098
benchmark/imdb/02c.benchmark,13,0.100913
benchmark/imdb/02c.benchmark,14,0.101256
benchmark/imdb/02c.benchmark,15,0.101148
benchmark/imdb/02c.benchmark,16,0.100874
benchmark/imdb/02c.benchmark,17,0.100539
benchmark/imdb/02c.benchmark,18,0.100608
benchmark/imdb/02c.benchmark,19,0.100481
benchmark/imdb/02c.benchmark,20,0.100409
benchmark/imdb/02d.benchmark,1,0.485986
benchmark/imdb/02d.benchmark,2,0.485828
benchmark/imdb/02d.benchmark,3,0.484814
benchmark/imdb/02d.benchmark,4,0.481884
benchmark/imdb/02d.benchmark,5,0.489418
benchmark/imdb/02d.benchmark,6,0.487655
benchmark/imdb/02d.benchmark,7,0.489592
benchmark/imdb/02d.benchmark,8,0.48587
benchmark/imdb/02d.benchmark,9,0.488697
benchmark/imdb/02d.benchmark,10,0.489447
benchmark/imdb/02d.benchmark,11,0.488916
benchmark/imdb/02d.benchmark,12,0.4866
benchmark/imdb/02d.benchmark,13,0.489867
benchmark/imdb/02d.benchmark,14,0.488563
benchmark/imdb/02d.benchmark,15,0.488522
benchmark/imdb/02d.benchmark,16,0.491937
benchmark/imdb/02d.benchmark,17,0.490439
benchmark/imdb/02d.benchmark,18,0.492022
benchmark/imdb/02d.benchmark,19,0.4934
benchmark/imdb/02d.benchmark,20,0.499943
benchmark/imdb/03a.benchmark,1,1.48692
benchmark/imdb/03a.benchmark,2,1.40649
benchmark/imdb/03a.benchmark,3,1.41563
benchmark/imdb/03a.benchmark,4,1.50591
benchmark/imdb/03a.benchmark,5,1.4136
benchmark/imdb/03a.benchmark,6,1.49301
benchmark/imdb/03a.benchmark,7,1.45264
benchmark/imdb/03a.benchmark,8,1.4149
benchmark/imdb/03a.benchmark,9,1.40937
benchmark/imdb/03a.benchmark,10,1.41661
benchmark/imdb/03a.benchmark,11,1.50099
benchmark/imdb/03a.benchmark,12,1.4083
benchmark/imdb/03a.benchmark,13,1.41412
benchmark/imdb/03a.benchmark,14,1.49711
benchmark/imdb/03a.benchmark,15,1.41229
benchmark/imdb/03a.benchmark,16,1.41292
benchmark/imdb/03a.benchmark,17,1.42259
benchmark/imdb/03a.benchmark,18,1.41496
benchmark/imdb/03a.benchmark,19,1.41665
benchmark/imdb/03a.benchmark,20,1.41498
benchmark/imdb/03b.benchmark,1,0.910632
benchmark/imdb/03b.benchmark,2,0.914168
benchmark/imdb/03b.benchmark,3,0.908667
benchmark/imdb/03b.benchmark,4,0.911879
benchmark/imdb/03b.benchmark,5,0.910866
benchmark/imdb/03b.benchmark,6,0.913866
benchmark/imdb/03b.benchmark,7,0.915296
benchmark/imdb/03b.benchmark,8,0.909867
benchmark/imdb/03b.benchmark,9,0.913864
benchmark/imdb/03b.benchmark,10,0.908956
benchmark/imdb/03b.benchmark,11,0.912677
benchmark/imdb/03b.benchmark,12,0.911817
benchmark/imdb/03b.benchmark,13,0.912501
benchmark/imdb/03b.benchmark,14,0.908238
benchmark/imdb/03b.benchmark,15,0.911553
benchmark/imdb/03b.benchmark,16,0.914565
benchmark/imdb/03b.benchmark,17,0.915874
benchmark/imdb/03b.benchmark,18,0.914551
benchmark/imdb/03b.benchmark,19,0.910132
benchmark/imdb/03b.benchmark,20,0.910409
benchmark/imdb/03c.benchmark,1,1.54381
benchmark/imdb/03c.benchmark,2,1.54593
benchmark/imdb/03c.benchmark,3,1.54991
benchmark/imdb/03c.benchmark,4,1.54892
benchmark/imdb/03c.benchmark,5,1.5372
benchmark/imdb/03c.benchmark,6,1.53892
benchmark/imdb/03c.benchmark,7,1.54429
benchmark/imdb/03c.benchmark,8,1.65271
benchmark/imdb/03c.benchmark,9,1.53688
benchmark/imdb/03c.benchmark,10,1.55596
benchmark/imdb/03c.benchmark,11,1.60785
benchmark/imdb/03c.benchmark,12,1.53497
benchmark/imdb/03c.benchmark,13,1.53988
benchmark/imdb/03c.benchmark,14,1.54464
benchmark/imdb/03c.benchmark,15,1.54352
benchmark/imdb/03c.benchmark,16,1.54128
benchmark/imdb/03c.benchmark,17,1.5466
benchmark/imdb/03c.benchmark,18,1.53947
benchmark/imdb/03c.benchmark,19,1.549
benchmark/imdb/03c.benchmark,20,1.53972
benchmark/imdb/04a.benchmark,1,0.762772
benchmark/imdb/04a.benchmark,2,0.760026
benchmark/imdb/04a.benchmark,3,0.74281
benchmark/imdb/04a.benchmark,4,0.74057
benchmark/imdb/04a.benchmark,5,0.754939
benchmark/imdb/04a.benchmark,6,0.742646
benchmark/imdb/04a.benchmark,7,0.742637
benchmark/imdb/04a.benchmark,8,0.751338
benchmark/imdb/04a.benchmark,9,0.74194
benchmark/imdb/04a.benchmark,10,0.751315
benchmark/imdb/04a.benchmark,11,0.741421
benchmark/imdb/04a.benchmark,12,0.751678
benchmark/imdb/04a.benchmark,13,0.742818
benchmark/imdb/04a.benchmark,14,0.743251
benchmark/imdb/04a.benchmark,15,0.743302
benchmark/imdb/04a.benchmark,16,0.742079
benchmark/imdb/04a.benchmark,17,0.742772
benchmark/imdb/04a.benchmark,18,0.745155
benchmark/imdb/04a.benchmark,19,0.74252
benchmark/imdb/04a.benchmark,20,0.74244
benchmark/imdb/04b.benchmark,1,0.349485
benchmark/imdb/04b.benchmark,2,0.349112
benchmark/imdb/04b.benchmark,3,0.347321
benchmark/imdb/04b.benchmark,4,0.34782
benchmark/imdb/04b.benchmark,5,0.347806
benchmark/imdb/04b.benchmark,6,0.348238
benchmark/imdb/04b.benchmark,7,0.34728
benchmark/imdb/04b.benchmark,8,0.350261
benchmark/imdb/04b.benchmark,9,0.348715
benchmark/imdb/04b.benchmark,10,0.34833
benchmark/imdb/04b.benchmark,11,0.348474
benchmark/imdb/04b.benchmark,12,0.348986
benchmark/imdb/04b.benchmark,13,0.34857
benchmark/imdb/04b.benchmark,14,0.347623
benchmark/imdb/04b.benchmark,15,0.34705
benchmark/imdb/04b.benchmark,16,0.347805
benchmark/imdb/04b.benchmark,17,0.347418
benchmark/imdb/04b.benchmark,18,0.346766
benchmark/imdb/04b.benchmark,19,0.348636
benchmark/imdb/04b.benchmark,20,0.347172
benchmark/imdb/04c.benchmark,1,1.01761
benchmark/imdb/04c.benchmark,2,1.02019
benchmark/imdb/04c.benchmark,3,1.01691
benchmark/imdb/04c.benchmark,4,1.01605
benchmark/imdb/04c.benchmark,5,1.02519
benchmark/imdb/04c.benchmark,6,1.01719
benchmark/imdb/04c.benchmark,7,1.01677
benchmark/imdb/04c.benchmark,8,1.01769
benchmark/imdb/04c.benchmark,9,1.01837
benchmark/imdb/04c.benchmark,10,1.01642
benchmark/imdb/04c.benchmark,11,1.01491
benchmark/imdb/04c.benchmark,12,1.01828
benchmark/imdb/04c.benchmark,13,1.01679
benchmark/imdb/04c.benchmark,14,1.01885
benchmark/imdb/04c.benchmark,15,1.01765
benchmark/imdb/04c.benchmark,16,1.01802
benchmark/imdb/04c.benchmark,17,1.03328
benchmark/imdb/04c.benchmark,18,1.01872
benchmark/imdb/04c.benchmark,19,1.0196
benchmark/imdb/04c.benchmark,20,1.01857
benchmark/imdb/05a.benchmark,1,0.429854
benchmark/imdb/05a.benchmark,2,0.42992
benchmark/imdb/05a.benchmark,3,0.430243
benchmark/imdb/05a.benchmark,4,0.430035
benchmark/imdb/05a.benchmark,5,0.430169
benchmark/imdb/05a.benchmark,6,0.429639
benchmark/imdb/05a.benchmark,7,0.429777
benchmark/imdb/05a.benchmark,8,0.429451
benchmark/imdb/05a.benchmark,9,0.429682
benchmark/imdb/05a.benchmark,10,0.429961
benchmark/imdb/05a.benchmark,11,0.429244
benchmark/imdb/05a.benchmark,12,0.429786
benchmark/imdb/05a.benchmark,13,0.430064
benchmark/imdb/05a.benchmark,14,0.430369
benchmark/imdb/05a.benchmark,15,0.429553
benchmark/imdb/05a.benchmark,16,0.430215
benchmark/imdb/05a.benchmark,17,0.429773
benchmark/imdb/05a.benchmark,18,0.429566
benchmark/imdb/05a.benchmark,19,0.429897
benchmark/imdb/05a.benchmark,20,0.429653
benchmark/imdb/05b.benchmark,1,0.393059
benchmark/imdb/05b.benchmark,2,0.397869
benchmark/imdb/05b.benchmark,3,0.392878
benchmark/imdb/05b.benchmark,4,0.392826
benchmark/imdb/05b.benchmark,5,0.393057
benchmark/imdb/05b.benchmark,6,0.392995
benchmark/imdb/05b.benchmark,7,0.392982
benchmark/imdb/05b.benchmark,8,0.398176
benchmark/imdb/05b.benchmark,9,0.393446
benchmark/imdb/05b.benchmark,10,0.392899
benchmark/imdb/05b.benchmark,11,0.392684
benchmark/imdb/05b.benchmark,12,0.392785
benchmark/imdb/05b.benchmark,13,0.393677
benchmark/imdb/05b.benchmark,14,0.398336
benchmark/imdb/05b.benchmark,15,0.400875
benchmark/imdb/05b.benchmark,16,0.392548
benchmark/imdb/05b.benchmark,17,0.392417
benchmark/imdb/05b.benchmark,18,0.392078
benchmark/imdb/05b.benchmark,19,0.392355
benchmark/imdb/05b.benchmark,20,0.397704
benchmark/imdb/05c.benchmark,1,1.596
benchmark/imdb/05c.benchmark,2,1.56724
benchmark/imdb/05c.benchmark,3,1.56419
benchmark/imdb/05c.benchmark,4,1.56146
benchmark/imdb/05c.benchmark,5,1.56038
benchmark/imdb/05c.benchmark,6,1.56141
benchmark/imdb/05c.benchmark,7,1.55684
benchmark/imdb/05c.benchmark,8,1.55814
benchmark/imdb/05c.benchmark,9,1.55918
benchmark/imdb/05c.benchmark,10,1.56147
benchmark/imdb/05c.benchmark,11,1.56013
benchmark/imdb/05c.benchmark,12,1.56722
benchmark/imdb/05c.benchmark,13,1.5631
benchmark/imdb/05c.benchmark,14,1.56025
benchmark/imdb/05c.benchmark,15,1.55901
benchmark/imdb/05c.benchmark,16,1.56391
benchmark/imdb/05c.benchmark,17,1.55777
benchmark/imdb/05c.benchmark,18,1.56658
benchmark/imdb/05c.benchmark,19,1.56854
benchmark/imdb/05c.benchmark,20,1.6556
benchmark/imdb/06a.benchmark,1,1.02895
benchmark/imdb/06a.benchmark,2,1.02829
benchmark/imdb/06a.benchmark,3,1.02968
benchmark/imdb/06a.benchmark,4,1.02955
benchmark/imdb/06a.benchmark,5,1.02901
benchmark/imdb/06a.benchmark,6,1.02957
benchmark/imdb/06a.benchmark,7,1.02745
benchmark/imdb/06a.benchmark,8,1.02799
benchmark/imdb/06a.benchmark,9,1.02956
benchmark/imdb/06a.benchmark,10,1.03239
benchmark/imdb/06a.benchmark,11,1.03126
benchmark/imdb/06a.benchmark,12,1.02981
benchmark/imdb/06a.benchmark,13,1.03032
benchmark/imdb/06a.benchmark,14,1.0304
benchmark/imdb/06a.benchmark,15,1.02899
benchmark/imdb/06a.benchmark,16,1.02975
benchmark/imdb/06a.benchmark,17,1.02914
benchmark/imdb/06a.benchmark,18,1.0285
benchmark/imdb/06a.benchmark,19,1.02889
benchmark/imdb/06a.benchmark,20,1.02708
benchmark/imdb/06b.benchmark,1,0.897052
benchmark/imdb/06b.benchmark,2,0.894066
benchmark/imdb/06b.benchmark,3,0.895637
benchmark/imdb/06b.benchmark,4,0.893763
benchmark/imdb/06b.benchmark,5,0.896443
benchmark/imdb/06b.benchmark,6,0.894258
benchmark/imdb/06b.benchmark,7,0.898356
benchmark/imdb/06b.benchmark,8,0.896425
benchmark/imdb/06b.benchmark,9,0.895126
benchmark/imdb/06b.benchmark,10,0.894655
benchmark/imdb/06b.benchmark,11,0.89521
benchmark/imdb/06b.benchmark,12,0.893787
benchmark/imdb/06b.benchmark,13,0.894056
benchmark/imdb/06b.benchmark,14,0.893978
benchmark/imdb/06b.benchmark,15,0.893727
benchmark/imdb/06b.benchmark,16,0.893812
benchmark/imdb/06b.benchmark,17,0.893611
benchmark/imdb/06b.benchmark,18,0.893612
benchmark/imdb/06b.benchmark,19,0.89169
benchmark/imdb/06b.benchmark,20,0.894154
benchmark/imdb/06c.benchmark,1,0.857552
benchmark/imdb/06c.benchmark,2,0.85849
benchmark/imdb/06c.benchmark,3,0.859616
benchmark/imdb/06c.benchmark,4,0.858379
benchmark/imdb/06c.benchmark,5,0.857162
benchmark/imdb/06c.benchmark,6,0.857496
benchmark/imdb/06c.benchmark,7,0.859381
benchmark/imdb/06c.benchmark,8,0.857679
benchmark/imdb/06c.benchmark,9,0.858639
benchmark/imdb/06c.benchmark,10,0.857438
benchmark/imdb/06c.benchmark,11,0.85961
benchmark/imdb/06c.benchmark,12,0.857472
benchmark/imdb/06c.benchmark,13,0.858299
benchmark/imdb/06c.benchmark,14,0.860393
benchmark/imdb/06c.benchmark,15,0.858971
benchmark/imdb/06c.benchmark,16,0.86024
benchmark/imdb/06c.benchmark,17,0.858209
benchmark/imdb/06c.benchmark,18,0.85693
benchmark/imdb/06c.benchmark,19,0.860584
benchmark/imdb/06c.benchmark,20,0.859576
benchmark/imdb/06d.benchmark,1,3.59967
benchmark/imdb/06d.benchmark,2,3.55925
benchmark/imdb/06d.benchmark,3,3.57084
benchmark/imdb/06d.benchmark,4,3.54664
benchmark/imdb/06d.benchmark,5,3.57252
benchmark/imdb/06d.benchmark,6,3.57207
benchmark/imdb/06d.benchmark,7,3.77436
benchmark/imdb/06d.benchmark,8,3.61714
benchmark/imdb/06d.benchmark,9,3.61872
benchmark/imdb/06d.benchmark,10,3.57785
benchmark/imdb/06d.benchmark,11,3.61624
benchmark/imdb/06d.benchmark,12,3.52951
benchmark/imdb/06d.benchmark,13,3.63185
benchmark/imdb/06d.benchmark,14,3.5659
benchmark/imdb/06d.benchmark,15,3.67896
benchmark/imdb/06d.benchmark,16,3.58379
benchmark/imdb/06d.benchmark,17,3.5977
benchmark/imdb/06d.benchmark,18,3.68994
benchmark/imdb/06d.benchmark,19,3.49914
benchmark/imdb/06d.benchmark,20,3.58914
benchmark/imdb/06e.benchmark,1,1.04025
benchmark/imdb/06e.benchmark,2,1.04111
benchmark/imdb/06e.benchmark,3,1.04128
benchmark/imdb/06e.benchmark,4,1.0401
benchmark/imdb/06e.benchmark,5,1.04064
benchmark/imdb/06e.benchmark,6,1.03942
benchmark/imdb/06e.benchmark,7,1.04124
benchmark/imdb/06e.benchmark,8,1.04039
benchmark/imdb/06e.benchmark,9,1.03983
benchmark/imdb/06e.benchmark,10,1.04198
benchmark/imdb/06e.benchmark,11,1.04109
benchmark/imdb/06e.benchmark,12,1.04034
benchmark/imdb/06e.benchmark,13,1.04189
benchmark/imdb/06e.benchmark,14,1.04097
benchmark/imdb/06e.benchmark,15,1.04086
benchmark/imdb/06e.benchmark,16,1.03976
benchmark/imdb/06e.benchmark,17,1.03784
benchmark/imdb/06e.benchmark,18,1.04375
benchmark/imdb/06e.benchmark,19,1.04026
benchmark/imdb/06e.benchmark,20,1.03943
benchmark/imdb/06f.benchmark,1,3.85274
benchmark/imdb/06f.benchmark,2,3.84908
benchmark/imdb/06f.benchmark,3,3.86063
benchmark/imdb/06f.benchmark,4,3.85096
benchmark/imdb/06f.benchmark,5,3.98268
benchmark/imdb/06f.benchmark,6,3.87706
benchmark/imdb/06f.benchmark,7,3.85062
benchmark/imdb/06f.benchmark,8,3.95055
benchmark/imdb/06f.benchmark,9,3.86178
benchmark/imdb/06f.benchmark,10,3.9005
benchmark/imdb/06f.benchmark,11,3.87304
benchmark/imdb/06f.benchmark,12,3.86701
benchmark/imdb/06f.benchmark,13,3.84685
benchmark/imdb/06f.benchmark,14,3.89426
benchmark/imdb/06f.benchmark,15,3.87375
benchmark/imdb/06f.benchmark,16,3.87287
benchmark/imdb/06f.benchmark,17,3.95003
benchmark/imdb/06f.benchmark,18,3.89553
benchmark/imdb/06f.benchmark,19,3.87563
benchmark/imdb/06f.benchmark,20,3.90619
benchmark/imdb/07a.benchmark,1,1.01622
benchmark/imdb/07a.benchmark,2,1.0244
benchmark/imdb/07a.benchmark,3,1.01393
benchmark/imdb/07a.benchmark,4,1.01268
benchmark/imdb/07a.benchmark,5,1.01318
benchmark/imdb/07a.benchmark,6,1.01409
benchmark/imdb/07a.benchmark,7,1.01367
benchmark/imdb/07a.benchmark,8,1.01367
benchmark/imdb/07a.benchmark,9,1.01398
benchmark/imdb/07a.benchmark,10,1.01351
benchmark/imdb/07a.benchmark,11,1.01204
benchmark/imdb/07a.benchmark,12,1.01268
benchmark/imdb/07a.benchmark,13,1.01087
benchmark/imdb/07a.benchmark,14,1.01202
benchmark/imdb/07a.benchmark,15,1.01496
benchmark/imdb/07a.benchmark,16,1.01138
benchmark/imdb/07a.benchmark,17,1.02217
benchmark/imdb/07a.benchmark,18,1.02799
benchmark/imdb/07a.benchmark,19,1.01321
benchmark/imdb/07a.benchmark,20,1.01462
benchmark/imdb/07b.benchmark,1,0.866222
benchmark/imdb/07b.benchmark,2,0.87714
benchmark/imdb/07b.benchmark,3,0.864886
benchmark/imdb/07b.benchmark,4,0.864325
benchmark/imdb/07b.benchmark,5,0.866408
benchmark/imdb/07b.benchmark,6,0.866745
benchmark/imdb/07b.benchmark,7,0.866645
benchmark/imdb/07b.benchmark,8,0.872127
benchmark/imdb/07b.benchmark,9,0.866993
benchmark/imdb/07b.benchmark,10,0.873266
benchmark/imdb/07b.benchmark,11,0.867737
benchmark/imdb/07b.benchmark,12,0.868439
benchmark/imdb/07b.benchmark,13,0.865881
benchmark/imdb/07b.benchmark,14,0.867668
benchmark/imdb/07b.benchmark,15,0.867579
benchmark/imdb/07b.benchmark,16,0.868153
benchmark/imdb/07b.benchmark,17,0.867466
benchmark/imdb/07b.benchmark,18,0.866881
benchmark/imdb/07b.benchmark,19,0.866293
benchmark/imdb/07b.benchmark,20,0.872796
benchmark/imdb/07c.benchmark,1,3.35783
benchmark/imdb/07c.benchmark,2,3.24038
benchmark/imdb/07c.benchmark,3,3.23683
benchmark/imdb/07c.benchmark,4,3.24828
benchmark/imdb/07c.benchmark,5,3.2476
benchmark/imdb/07c.benchmark,6,3.25235
benchmark/imdb/07c.benchmark,7,3.33131
benchmark/imdb/07c.benchmark,8,3.24912
benchmark/imdb/07c.benchmark,9,3.24338
benchmark/imdb/07c.benchmark,10,3.24083
benchmark/imdb/07c.benchmark,11,3.24327
benchmark/imdb/07c.benchmark,12,3.23944
benchmark/imdb/07c.benchmark,13,3.31735
benchmark/imdb/07c.benchmark,14,3.24781
benchmark/imdb/07c.benchmark,15,3.23743
benchmark/imdb/07c.benchmark,16,3.23717
benchmark/imdb/07c.benchmark,17,3.23847
benchmark/imdb/07c.benchmark,18,3.24138
benchmark/imdb/07c.benchmark,19,3.24238
benchmark/imdb/07c.benchmark,20,3.24864
benchmark/imdb/08a.benchmark,1,1.8408
benchmark/imdb/08a.benchmark,2,1.84171
benchmark/imdb/08a.benchmark,3,1.84235
benchmark/imdb/08a.benchmark,4,1.84152
benchmark/imdb/08a.benchmark,5,1.84241
benchmark/imdb/08a.benchmark,6,1.84817
benchmark/imdb/08a.benchmark,7,1.84784
benchmark/imdb/08a.benchmark,8,1.84498
benchmark/imdb/08a.benchmark,9,1.84463
benchmark/imdb/08a.benchmark,10,1.84124
benchmark/imdb/08a.benchmark,11,1.84811
benchmark/imdb/08a.benchmark,12,1.84158
benchmark/imdb/08a.benchmark,13,1.84308
benchmark/imdb/08a.benchmark,14,1.84225
benchmark/imdb/08a.benchmark,15,1.84425
benchmark/imdb/08a.benchmark,16,1.84353
benchmark/imdb/08a.benchmark,17,1.84604
benchmark/imdb/08a.benchmark,18,1.84174
benchmark/imdb/08a.benchmark,19,1.84593
benchmark/imdb/08a.benchmark,20,1.84617
benchmark/imdb/08b.benchmark,1,1.86042
benchmark/imdb/08b.benchmark,2,1.86176
benchmark/imdb/08b.benchmark,3,1.86061
benchmark/imdb/08b.benchmark,4,1.86251
benchmark/imdb/08b.benchmark,5,1.86107
benchmark/imdb/08b.benchmark,6,1.86077
benchmark/imdb/08b.benchmark,7,1.8633
benchmark/imdb/08b.benchmark,8,1.85858
benchmark/imdb/08b.benchmark,9,1.86334
benchmark/imdb/08b.benchmark,10,1.86942
benchmark/imdb/08b.benchmark,11,1.86023
benchmark/imdb/08b.benchmark,12,1.86141
benchmark/imdb/08b.benchmark,13,1.86071
benchmark/imdb/08b.benchmark,14,1.86043
benchmark/imdb/08b.benchmark,15,1.86362
benchmark/imdb/08b.benchmark,16,1.86141
benchmark/imdb/08b.benchmark,17,1.85992
benchmark/imdb/08b.benchmark,18,1.85845
benchmark/imdb/08b.benchmark,19,1.86113
benchmark/imdb/08b.benchmark,20,1.86211
benchmark/imdb/08c.benchmark,1,14.9614
benchmark/imdb/08c.benchmark,2,14.9147
benchmark/imdb/08c.benchmark,3,14.8992
benchmark/imdb/08c.benchmark,4,14.972
benchmark/imdb/08c.benchmark,5,14.887
benchmark/imdb/08c.benchmark,6,14.8908
benchmark/imdb/08c.benchmark,7,14.937
benchmark/imdb/08c.benchmark,8,14.8931
benchmark/imdb/08c.benchmark,9,14.8605
benchmark/imdb/08c.benchmark,10,14.9514
benchmark/imdb/08c.benchmark,11,14.9265
benchmark/imdb/08c.benchmark,12,14.8249
benchmark/imdb/08c.benchmark,13,14.9621
benchmark/imdb/08c.benchmark,14,14.95
benchmark/imdb/08c.benchmark,15,14.981
benchmark/imdb/08c.benchmark,16,14.907
benchmark/imdb/08c.benchmark,17,14.9142
benchmark/imdb/08c.benchmark,18,15.0386
benchmark/imdb/08c.benchmark,19,14.9892
benchmark/imdb/08c.benchmark,20,14.9502
benchmark/imdb/08d.benchmark,1,11.8893
benchmark/imdb/08d.benchmark,2,11.9219
benchmark/imdb/08d.benchmark,3,11.9233
benchmark/imdb/08d.benchmark,4,11.8964
benchmark/imdb/08d.benchmark,5,11.876
benchmark/imdb/08d.benchmark,6,11.8802
benchmark/imdb/08d.benchmark,7,11.8954
benchmark/imdb/08d.benchmark,8,11.9173
benchmark/imdb/08d.benchmark,9,11.8446
benchmark/imdb/08d.benchmark,10,11.8519
benchmark/imdb/08d.benchmark,11,11.9031
benchmark/imdb/08d.benchmark,12,11.8549
benchmark/imdb/08d.benchmark,13,11.8142
benchmark/imdb/08d.benchmark,14,11.8477
benchmark/imdb/08d.benchmark,15,11.8989
benchmark/imdb/08d.benchmark,16,11.9272
benchmark/imdb/08d.benchmark,17,11.8175
benchmark/imdb/08d.benchmark,18,11.8896
benchmark/imdb/08d.benchmark,19,11.8277
benchmark/imdb/08d.benchmark,20,11.8534
benchmark/imdb/09a.benchmark,1,2.71858
benchmark/imdb/09a.benchmark,2,2.70075
benchmark/imdb/09a.benchmark,3,2.70438
benchmark/imdb/09a.benchmark,4,2.7192
benchmark/imdb/09a.benchmark,5,2.70092
benchmark/imdb/09a.benchmark,6,2.70118
benchmark/imdb/09a.benchmark,7,2.70991
benchmark/imdb/09a.benchmark,8,2.79305
benchmark/imdb/09a.benchmark,9,2.70489
benchmark/imdb/09a.benchmark,10,2.71191
benchmark/imdb/09a.benchmark,11,2.70898
benchmark/imdb/09a.benchmark,12,2.71431
benchmark/imdb/09a.benchmark,13,2.70662
benchmark/imdb/09a.benchmark,14,2.73158
benchmark/imdb/09a.benchmark,15,2.72172
benchmark/imdb/09a.benchmark,16,2.69622
benchmark/imdb/09a.benchmark,17,2.73508
benchmark/imdb/09a.benchmark,18,2.69491
benchmark/imdb/09a.benchmark,19,2.71602
benchmark/imdb/09a.benchmark,20,2.70118
benchmark/imdb/09b.benchmark,1,2.13764
benchmark/imdb/09b.benchmark,2,2.11083
benchmark/imdb/09b.benchmark,3,2.10936
benchmark/imdb/09b.benchmark,4,2.1026
benchmark/imdb/09b.benchmark,5,2.10828
benchmark/imdb/09b.benchmark,6,2.10743
benchmark/imdb/09b.benchmark,7,2.1007
benchmark/imdb/09b.benchmark,8,2.1057
benchmark/imdb/09b.benchmark,9,2.10591
benchmark/imdb/09b.benchmark,10,2.10799
benchmark/imdb/09b.benchmark,11,2.10666
benchmark/imdb/09b.benchmark,12,2.11707
benchmark/imdb/09b.benchmark,13,2.19293
benchmark/imdb/09b.benchmark,14,2.10584
benchmark/imdb/09b.benchmark,15,2.1067
benchmark/imdb/09b.benchmark,16,2.10434
benchmark/imdb/09b.benchmark,17,2.11025
benchmark/imdb/09b.benchmark,18,2.11274
benchmark/imdb/09b.benchmark,19,2.11029
benchmark/imdb/09b.benchmark,20,2.11007
benchmark/imdb/09c.benchmark,1,2.55687
benchmark/imdb/09c.benchmark,2,2.57623
benchmark/imdb/09c.benchmark,3,2.56382
benchmark/imdb/09c.benchmark,4,2.59199
benchmark/imdb/09c.benchmark,5,2.58217
benchmark/imdb/09c.benchmark,6,2.56082
benchmark/imdb/09c.benchmark,7,2.60807
benchmark/imdb/09c.benchmark,8,2.5641
benchmark/imdb/09c.benchmark,9,2.56444
benchmark/imdb/09c.benchmark,10,2.57077
benchmark/imdb/09c.benchmark,11,2.60044
benchmark/imdb/09c.benchmark,12,2.58142
benchmark/imdb/09c.benchmark,13,2.64923
benchmark/imdb/09c.benchmark,14,2.55841
benchmark/imdb/09c.benchmark,15,2.54815
benchmark/imdb/09c.benchmark,16,2.55968
benchmark/imdb/09c.benchmark,17,2.55769
benchmark/imdb/09c.benchmark,18,2.56244
benchmark/imdb/09c.benchmark,19,2.56179
benchmark/imdb/09c.benchmark,20,2.55846
benchmark/imdb/09d.benchmark,1,5.47945
benchmark/imdb/09d.benchmark,2,5.37652
benchmark/imdb/09d.benchmark,3,5.35393
benchmark/imdb/09d.benchmark,4,5.41615
benchmark/imdb/09d.benchmark,5,5.44346
benchmark/imdb/09d.benchmark,6,5.34848
benchmark/imdb/09d.benchmark,7,5.35979
benchmark/imdb/09d.benchmark,8,5.37747
benchmark/imdb/09d.benchmark,9,5.40022
benchmark/imdb/09d.benchmark,10,5.49984
benchmark/imdb/09d.benchmark,11,5.3823
benchmark/imdb/09d.benchmark,12,5.34916
benchmark/imdb/09d.benchmark,13,5.41893
benchmark/imdb/09d.benchmark,14,5.45667
benchmark/imdb/09d.benchmark,15,5.36205
benchmark/imdb/09d.benchmark,16,5.34484
benchmark/imdb/09d.benchmark,17,5.37907
benchmark/imdb/09d.benchmark,18,5.36197
benchmark/imdb/09d.benchmark,19,5.35795
benchmark/imdb/09d.benchmark,20,5.47335
benchmark/imdb/10a.benchmark,1,1.95635
benchmark/imdb/10a.benchmark,2,1.96118
benchmark/imdb/10a.benchmark,3,1.95784
benchmark/imdb/10a.benchmark,4,1.95868
benchmark/imdb/10a.benchmark,5,1.96001
benchmark/imdb/10a.benchmark,6,1.96139
benchmark/imdb/10a.benchmark,7,1.96048
benchmark/imdb/10a.benchmark,8,1.95889
benchmark/imdb/10a.benchmark,9,1.95891
benchmark/imdb/10a.benchmark,10,1.95818
benchmark/imdb/10a.benchmark,11,1.9578
benchmark/imdb/10a.benchmark,12,1.95722
benchmark/imdb/10a.benchmark,13,1.95999
benchmark/imdb/10a.benchmark,14,1.95592
benchmark/imdb/10a.benchmark,15,1.96034
benchmark/imdb/10a.benchmark,16,1.96065
benchmark/imdb/10a.benchmark,17,1.98917
benchmark/imdb/10a.benchmark,18,1.95954
benchmark/imdb/10a.benchmark,19,1.98806
benchmark/imdb/10a.benchmark,20,2.0368
benchmark/imdb/10b.benchmark,1,1.74719
benchmark/imdb/10b.benchmark,2,1.74991
benchmark/imdb/10b.benchmark,3,1.74818
benchmark/imdb/10b.benchmark,4,1.74966
benchmark/imdb/10b.benchmark,5,1.75086
benchmark/imdb/10b.benchmark,6,1.74654
benchmark/imdb/10b.benchmark,7,1.75355
benchmark/imdb/10b.benchmark,8,1.74797
benchmark/imdb/10b.benchmark,9,1.74578
benchmark/imdb/10b.benchmark,10,1.74796
benchmark/imdb/10b.benchmark,11,1.75111
benchmark/imdb/10b.benchmark,12,1.75794
benchmark/imdb/10b.benchmark,13,1.75057
benchmark/imdb/10b.benchmark,14,1.748
benchmark/imdb/10b.benchmark,15,1.74988
benchmark/imdb/10b.benchmark,16,1.75101
benchmark/imdb/10b.benchmark,17,1.75347
benchmark/imdb/10b.benchmark,18,1.7474
benchmark/imdb/10b.benchmark,19,1.7491
benchmark/imdb/10b.benchmark,20,1.75145
benchmark/imdb/10c.benchmark,1,2.61273
benchmark/imdb/10c.benchmark,2,2.65168
benchmark/imdb/10c.benchmark,3,2.61099
benchmark/imdb/10c.benchmark,4,2.60915
benchmark/imdb/10c.benchmark,5,2.62949
benchmark/imdb/10c.benchmark,6,2.61133
benchmark/imdb/10c.benchmark,7,2.60931
benchmark/imdb/10c.benchmark,8,2.60516
benchmark/imdb/10c.benchmark,9,2.60383
benchmark/imdb/10c.benchmark,10,2.62419
benchmark/imdb/10c.benchmark,11,2.61151
benchmark/imdb/10c.benchmark,12,2.69355
benchmark/imdb/10c.benchmark,13,2.60356
benchmark/imdb/10c.benchmark,14,2.6036
benchmark/imdb/10c.benchmark,15,2.60185
benchmark/imdb/10c.benchmark,16,2.60495
benchmark/imdb/10c.benchmark,17,2.60253
benchmark/imdb/10c.benchmark,18,2.602
benchmark/imdb/10c.benchmark,19,2.608
benchmark/imdb/10c.benchmark,20,2.60395
benchmark/imdb/11a.benchmark,1,0.435701
benchmark/imdb/11a.benchmark,2,0.43381
benchmark/imdb/11a.benchmark,3,0.434275
benchmark/imdb/11a.benchmark,4,0.43444
benchmark/imdb/11a.benchmark,5,0.43547
benchmark/imdb/11a.benchmark,6,0.434827
benchmark/imdb/11a.benchmark,7,0.43456
benchmark/imdb/11a.benchmark,8,0.434444
benchmark/imdb/11a.benchmark,9,0.434383
benchmark/imdb/11a.benchmark,10,0.434366
benchmark/imdb/11a.benchmark,11,0.43524
benchmark/imdb/11a.benchmark,12,0.435328
benchmark/imdb/11a.benchmark,13,0.434819
benchmark/imdb/11a.benchmark,14,0.433653
benchmark/imdb/11a.benchmark,15,0.434183
benchmark/imdb/11a.benchmark,16,0.433708
benchmark/imdb/11a.benchmark,17,0.435196
benchmark/imdb/11a.benchmark,18,0.434627
benchmark/imdb/11a.benchmark,19,0.434472
benchmark/imdb/11a.benchmark,20,0.434346
benchmark/imdb/11b.benchmark,1,0.406865
benchmark/imdb/11b.benchmark,2,0.405728
benchmark/imdb/11b.benchmark,3,0.406662
benchmark/imdb/11b.benchmark,4,0.406884
benchmark/imdb/11b.benchmark,5,0.407121
benchmark/imdb/11b.benchmark,6,0.407058
benchmark/imdb/11b.benchmark,7,0.409036
benchmark/imdb/11b.benchmark,8,0.407677
benchmark/imdb/11b.benchmark,9,0.407192
benchmark/imdb/11b.benchmark,10,0.406345
benchmark/imdb/11b.benchmark,11,0.406492
benchmark/imdb/11b.benchmark,12,0.407277
benchmark/imdb/11b.benchmark,13,0.40761
benchmark/imdb/11b.benchmark,14,0.406749
benchmark/imdb/11b.benchmark,15,0.407249
benchmark/imdb/11b.benchmark,16,0.407592
benchmark/imdb/11b.benchmark,17,0.407225
benchmark/imdb/11b.benchmark,18,0.406518
benchmark/imdb/11b.benchmark,19,0.407977
benchmark/imdb/11b.benchmark,20,0.407264
benchmark/imdb/11c.benchmark,1,0.735782
benchmark/imdb/11c.benchmark,2,0.735628
benchmark/imdb/11c.benchmark,3,0.733986
benchmark/imdb/11c.benchmark,4,0.743033
benchmark/imdb/11c.benchmark,5,0.735296
benchmark/imdb/11c.benchmark,6,0.735061
benchmark/imdb/11c.benchmark,7,0.735155
benchmark/imdb/11c.benchmark,8,0.742177
benchmark/imdb/11c.benchmark,9,0.735262
benchmark/imdb/11c.benchmark,10,0.735239
benchmark/imdb/11c.benchmark,11,0.735429
benchmark/imdb/11c.benchmark,12,0.73551
benchmark/imdb/11c.benchmark,13,0.736602
benchmark/imdb/11c.benchmark,14,0.734527
benchmark/imdb/11c.benchmark,15,0.735144
benchmark/imdb/11c.benchmark,16,0.735469
benchmark/imdb/11c.benchmark,17,0.735043
benchmark/imdb/11c.benchmark,18,0.734866
benchmark/imdb/11c.benchmark,19,0.736519
benchmark/imdb/11c.benchmark,20,0.735723
benchmark/imdb/11d.benchmark,1,1.36838
benchmark/imdb/11d.benchmark,2,1.33719
benchmark/imdb/11d.benchmark,3,1.33288
benchmark/imdb/11d.benchmark,4,1.33411
benchmark/imdb/11d.benchmark,5,1.32969
benchmark/imdb/11d.benchmark,6,1.34006
benchmark/imdb/11d.benchmark,7,1.33658
benchmark/imdb/11d.benchmark,8,1.3326
benchmark/imdb/11d.benchmark,9,1.33262
benchmark/imdb/11d.benchmark,10,1.33584
benchmark/imdb/11d.benchmark,11,1.333
benchmark/imdb/11d.benchmark,12,1.33215
benchmark/imdb/11d.benchmark,13,1.33016
benchmark/imdb/11d.benchmark,14,1.33234
benchmark/imdb/11d.benchmark,15,1.33534
benchmark/imdb/11d.benchmark,16,1.33125
benchmark/imdb/11d.benchmark,17,1.331
benchmark/imdb/11d.benchmark,18,1.33205
benchmark/imdb/11d.benchmark,19,1.3419
benchmark/imdb/11d.benchmark,20,1.33314
benchmark/imdb/12a.benchmark,1,1.11452
benchmark/imdb/12a.benchmark,2,1.11907
benchmark/imdb/12a.benchmark,3,1.11196
benchmark/imdb/12a.benchmark,4,1.11845
benchmark/imdb/12a.benchmark,5,1.11408
benchmark/imdb/12a.benchmark,6,1.11761
benchmark/imdb/12a.benchmark,7,1.11225
benchmark/imdb/12a.benchmark,8,1.11765
benchmark/imdb/12a.benchmark,9,1.11464
benchmark/imdb/12a.benchmark,10,1.11763
benchmark/imdb/12a.benchmark,11,1.11975
benchmark/imdb/12a.benchmark,12,1.11551
benchmark/imdb/12a.benchmark,13,1.1202
benchmark/imdb/12a.benchmark,14,1.1171
benchmark/imdb/12a.benchmark,15,1.12103
benchmark/imdb/12a.benchmark,16,1.11675
benchmark/imdb/12a.benchmark,17,1.11538
benchmark/imdb/12a.benchmark,18,1.11987
benchmark/imdb/12a.benchmark,19,1.11656
benchmark/imdb/12a.benchmark,20,1.1168
benchmark/imdb/12b.benchmark,1,1.09025
benchmark/imdb/12b.benchmark,2,1.00644
benchmark/imdb/12b.benchmark,3,1.01545
benchmark/imdb/12b.benchmark,4,1.01069
benchmark/imdb/12b.benchmark,5,1.01069
benchmark/imdb/12b.benchmark,6,1.0105
benchmark/imdb/12b.benchmark,7,1.00856
benchmark/imdb/12b.benchmark,8,1.01525
benchmark/imdb/12b.benchmark,9,1.00922
benchmark/imdb/12b.benchmark,10,1.01453
benchmark/imdb/12b.benchmark,11,1.0093
benchmark/imdb/12b.benchmark,12,1.01411
benchmark/imdb/12b.benchmark,13,1.0138
benchmark/imdb/12b.benchmark,14,1.00947
benchmark/imdb/12b.benchmark,15,1.01475
benchmark/imdb/12b.benchmark,16,1.0149
benchmark/imdb/12b.benchmark,17,1.01133
benchmark/imdb/12b.benchmark,18,1.01265
benchmark/imdb/12b.benchmark,19,1.01168
benchmark/imdb/12b.benchmark,20,1.01462
benchmark/imdb/12c.benchmark,1,1.50233
benchmark/imdb/12c.benchmark,2,1.49964
benchmark/imdb/12c.benchmark,3,1.51244
benchmark/imdb/12c.benchmark,4,1.50746
benchmark/imdb/12c.benchmark,5,1.49892
benchmark/imdb/12c.benchmark,6,1.50441
benchmark/imdb/12c.benchmark,7,1.511
benchmark/imdb/12c.benchmark,8,1.50145
benchmark/imdb/12c.benchmark,9,1.50648
benchmark/imdb/12c.benchmark,10,1.50168
benchmark/imdb/12c.benchmark,11,1.51038
benchmark/imdb/12c.benchmark,12,1.50725
benchmark/imdb/12c.benchmark,13,1.49374
benchmark/imdb/12c.benchmark,14,1.4926
benchmark/imdb/12c.benchmark,15,1.50397
benchmark/imdb/12c.benchmark,16,1.49693
benchmark/imdb/12c.benchmark,17,1.52291
benchmark/imdb/12c.benchmark,18,1.50794
benchmark/imdb/12c.benchmark,19,1.50929
benchmark/imdb/12c.benchmark,20,1.50227
benchmark/imdb/13a.benchmark,1,1.34301
benchmark/imdb/13a.benchmark,2,1.34311
benchmark/imdb/13a.benchmark,3,1.34135
benchmark/imdb/13a.benchmark,4,1.33579
benchmark/imdb/13a.benchmark,5,1.33944
benchmark/imdb/13a.benchmark,6,1.33884
benchmark/imdb/13a.benchmark,7,1.33729
benchmark/imdb/13a.benchmark,8,1.33458
benchmark/imdb/13a.benchmark,9,1.34068
benchmark/imdb/13a.benchmark,10,1.34493
benchmark/imdb/13a.benchmark,11,1.33994
benchmark/imdb/13a.benchmark,12,1.33702
benchmark/imdb/13a.benchmark,13,1.34915
benchmark/imdb/13a.benchmark,14,1.33575
benchmark/imdb/13a.benchmark,15,1.3459
benchmark/imdb/13a.benchmark,16,1.34392
benchmark/imdb/13a.benchmark,17,1.34478
benchmark/imdb/13a.benchmark,18,1.33821
benchmark/imdb/13a.benchmark,19,1.33874
benchmark/imdb/13a.benchmark,20,1.34229
benchmark/imdb/13b.benchmark,1,0.711235
benchmark/imdb/13b.benchmark,2,0.709111
benchmark/imdb/13b.benchmark,3,0.709609
benchmark/imdb/13b.benchmark,4,0.709221
benchmark/imdb/13b.benchmark,5,0.709671
benchmark/imdb/13b.benchmark,6,0.709906
benchmark/imdb/13b.benchmark,7,0.710487
benchmark/imdb/13b.benchmark,8,0.709207
benchmark/imdb/13b.benchmark,9,0.70924
benchmark/imdb/13b.benchmark,10,0.710327
benchmark/imdb/13b.benchmark,11,0.708562
benchmark/imdb/13b.benchmark,12,0.710116
benchmark/imdb/13b.benchmark,13,0.709245
benchmark/imdb/13b.benchmark,14,0.709912
benchmark/imdb/13b.benchmark,15,0.709934
benchmark/imdb/13b.benchmark,16,0.709837
benchmark/imdb/13b.benchmark,17,0.713581
benchmark/imdb/13b.benchmark,18,0.709133
benchmark/imdb/13b.benchmark,19,0.708964
benchmark/imdb/13b.benchmark,20,0.709146
benchmark/imdb/13c.benchmark,1,0.61334
benchmark/imdb/13c.benchmark,2,0.613317
benchmark/imdb/13c.benchmark,3,0.618707
benchmark/imdb/13c.benchmark,4,0.614294
benchmark/imdb/13c.benchmark,5,0.619149
benchmark/imdb/13c.benchmark,6,0.613757
benchmark/imdb/13c.benchmark,7,0.618071
benchmark/imdb/13c.benchmark,8,0.617195
benchmark/imdb/13c.benchmark,9,0.613959
benchmark/imdb/13c.benchmark,10,0.615779
benchmark/imdb/13c.benchmark,11,0.618449
benchmark/imdb/13c.benchmark,12,0.616633
benchmark/imdb/13c.benchmark,13,0.619829
benchmark/imdb/13c.benchmark,14,0.613553
benchmark/imdb/13c.benchmark,15,0.613679
benchmark/imdb/13c.benchmark,16,0.613748
benchmark/imdb/13c.benchmark,17,0.614648
benchmark/imdb/13c.benchmark,18,0.612453
benchmark/imdb/13c.benchmark,19,0.61443
benchmark/imdb/13c.benchmark,20,0.618312
benchmark/imdb/13d.benchmark,1,1.7459
benchmark/imdb/13d.benchmark,2,1.74461
benchmark/imdb/13d.benchmark,3,1.75032
benchmark/imdb/13d.benchmark,4,1.74742
benchmark/imdb/13d.benchmark,5,1.74641
benchmark/imdb/13d.benchmark,6,1.75043
benchmark/imdb/13d.benchmark,7,1.74792
benchmark/imdb/13d.benchmark,8,1.74591
benchmark/imdb/13d.benchmark,9,1.74426
benchmark/imdb/13d.benchmark,10,1.74364
benchmark/imdb/13d.benchmark,11,1.75197
benchmark/imdb/13d.benchmark,12,1.74524
benchmark/imdb/13d.benchmark,13,1.75699
benchmark/imdb/13d.benchmark,14,1.75314
benchmark/imdb/13d.benchmark,15,1.74753
benchmark/imdb/13d.benchmark,16,1.75094
benchmark/imdb/13d.benchmark,17,1.74695
benchmark/imdb/13d.benchmark,18,1.75551
benchmark/imdb/13d.benchmark,19,1.74349
benchmark/imdb/13d.benchmark,20,1.7468
benchmark/imdb/14a.benchmark,1,1.50183
benchmark/imdb/14a.benchmark,2,1.50744
benchmark/imdb/14a.benchmark,3,1.50805
benchmark/imdb/14a.benchmark,4,1.51009
benchmark/imdb/14a.benchmark,5,1.5137
benchmark/imdb/14a.benchmark,6,1.51027
benchmark/imdb/14a.benchmark,7,1.50887
benchmark/imdb/14a.benchmark,8,1.50821
benchmark/imdb/14a.benchmark,9,1.5119
benchmark/imdb/14a.benchmark,10,1.51159
benchmark/imdb/14a.benchmark,11,1.51022
benchmark/imdb/14a.benchmark,12,1.50818
benchmark/imdb/14a.benchmark,13,1.50628
benchmark/imdb/14a.benchmark,14,1.51016
benchmark/imdb/14a.benchmark,15,1.51485
benchmark/imdb/14a.benchmark,16,1.51393
benchmark/imdb/14a.benchmark,17,1.51059
benchmark/imdb/14a.benchmark,18,1.50763
benchmark/imdb/14a.benchmark,19,1.51314
benchmark/imdb/14a.benchmark,20,1.51219
benchmark/imdb/14b.benchmark,1,1.46156
benchmark/imdb/14b.benchmark,2,1.46227
benchmark/imdb/14b.benchmark,3,1.46091
benchmark/imdb/14b.benchmark,4,1.45999
benchmark/imdb/14b.benchmark,5,1.4579
benchmark/imdb/14b.benchmark,6,1.46113
benchmark/imdb/14b.benchmark,7,1.46036
benchmark/imdb/14b.benchmark,8,1.46222
benchmark/imdb/14b.benchmark,9,1.45765
benchmark/imdb/14b.benchmark,10,1.46232
benchmark/imdb/14b.benchmark,11,1.46255
benchmark/imdb/14b.benchmark,12,1.46048
benchmark/imdb/14b.benchmark,13,1.46134
benchmark/imdb/14b.benchmark,14,1.45933
benchmark/imdb/14b.benchmark,15,1.48441
benchmark/imdb/14b.benchmark,16,1.45964
benchmark/imdb/14b.benchmark,17,1.46081
benchmark/imdb/14b.benchmark,18,1.46392
benchmark/imdb/14b.benchmark,19,1.54564
benchmark/imdb/14b.benchmark,20,1.46138
benchmark/imdb/14c.benchmark,1,1.66987
benchmark/imdb/14c.benchmark,2,1.66238
benchmark/imdb/14c.benchmark,3,1.66723
benchmark/imdb/14c.benchmark,4,1.66594
benchmark/imdb/14c.benchmark,5,1.67176
benchmark/imdb/14c.benchmark,6,1.67025
benchmark/imdb/14c.benchmark,7,1.67005
benchmark/imdb/14c.benchmark,8,1.66436
benchmark/imdb/14c.benchmark,9,1.66167
benchmark/imdb/14c.benchmark,10,1.66751
benchmark/imdb/14c.benchmark,11,1.66673
benchmark/imdb/14c.benchmark,12,1.67445
benchmark/imdb/14c.benchmark,13,1.66554
benchmark/imdb/14c.benchmark,14,1.66663
benchmark/imdb/14c.benchmark,15,1.67278
benchmark/imdb/14c.benchmark,16,1.67146
benchmark/imdb/14c.benchmark,17,1.66252
benchmark/imdb/14c.benchmark,18,1.66763
benchmark/imdb/14c.benchmark,19,1.65864
benchmark/imdb/14c.benchmark,20,1.66501
benchmark/imdb/15a.benchmark,1,1.48404
benchmark/imdb/15a.benchmark,2,1.48852
benchmark/imdb/15a.benchmark,3,1.49154
benchmark/imdb/15a.benchmark,4,1.49073
benchmark/imdb/15a.benchmark,5,1.49248
benchmark/imdb/15a.benchmark,6,1.49315
benchmark/imdb/15a.benchmark,7,1.49567
benchmark/imdb/15a.benchmark,8,1.48668
benchmark/imdb/15a.benchmark,9,1.48899
benchmark/imdb/15a.benchmark,10,1.49108
benchmark/imdb/15a.benchmark,11,1.4913
benchmark/imdb/15a.benchmark,12,1.48934
benchmark/imdb/15a.benchmark,13,1.48698
benchmark/imdb/15a.benchmark,14,1.48914
benchmark/imdb/15a.benchmark,15,1.48731
benchmark/imdb/15a.benchmark,16,1.49212
benchmark/imdb/15a.benchmark,17,1.4906
benchmark/imdb/15a.benchmark,18,1.48756
benchmark/imdb/15a.benchmark,19,1.49151
benchmark/imdb/15a.benchmark,20,1.48895
benchmark/imdb/15b.benchmark,1,1.41103
benchmark/imdb/15b.benchmark,2,1.41283
benchmark/imdb/15b.benchmark,3,1.41115
benchmark/imdb/15b.benchmark,4,1.41393
benchmark/imdb/15b.benchmark,5,1.41226
benchmark/imdb/15b.benchmark,6,1.4096
benchmark/imdb/15b.benchmark,7,1.41037
benchmark/imdb/15b.benchmark,8,1.41061
benchmark/imdb/15b.benchmark,9,1.41217
benchmark/imdb/15b.benchmark,10,1.41192
benchmark/imdb/15b.benchmark,11,1.41216
benchmark/imdb/15b.benchmark,12,1.41264
benchmark/imdb/15b.benchmark,13,1.41288
benchmark/imdb/15b.benchmark,14,1.41331
benchmark/imdb/15b.benchmark,15,1.41137
benchmark/imdb/15b.benchmark,16,1.42121
benchmark/imdb/15b.benchmark,17,1.49553
benchmark/imdb/15b.benchmark,18,1.4137
benchmark/imdb/15b.benchmark,19,1.41383
benchmark/imdb/15b.benchmark,20,1.4123
benchmark/imdb/15c.benchmark,1,1.6961
benchmark/imdb/15c.benchmark,2,1.69738
benchmark/imdb/15c.benchmark,3,1.70258
benchmark/imdb/15c.benchmark,4,1.69427
benchmark/imdb/15c.benchmark,5,1.7071
benchmark/imdb/15c.benchmark,6,1.70314
benchmark/imdb/15c.benchmark,7,1.70072
benchmark/imdb/15c.benchmark,8,1.70751
benchmark/imdb/15c.benchmark,9,1.70802
benchmark/imdb/15c.benchmark,10,1.7048
benchmark/imdb/15c.benchmark,11,1.69796
benchmark/imdb/15c.benchmark,12,1.70783
benchmark/imdb/15c.benchmark,13,1.70921
benchmark/imdb/15c.benchmark,14,1.72637
benchmark/imdb/15c.benchmark,15,1.69844
benchmark/imdb/15c.benchmark,16,1.69897
benchmark/imdb/15c.benchmark,17,1.70623
benchmark/imdb/15c.benchmark,18,1.70387
benchmark/imdb/15c.benchmark,19,1.70718
benchmark/imdb/15c.benchmark,20,1.75066
benchmark/imdb/15d.benchmark,1,1.38167
benchmark/imdb/15d.benchmark,2,1.37922
benchmark/imdb/15d.benchmark,3,1.38674
benchmark/imdb/15d.benchmark,4,1.37927
benchmark/imdb/15d.benchmark,5,1.37774
benchmark/imdb/15d.benchmark,6,1.38036
benchmark/imdb/15d.benchmark,7,1.38266
benchmark/imdb/15d.benchmark,8,1.37934
benchmark/imdb/15d.benchmark,9,1.3797
benchmark/imdb/15d.benchmark,10,1.37962
benchmark/imdb/15d.benchmark,11,1.37899
benchmark/imdb/15d.benchmark,12,1.37774
benchmark/imdb/15d.benchmark,13,1.37754
benchmark/imdb/15d.benchmark,14,1.37626
benchmark/imdb/15d.benchmark,15,1.38016
benchmark/imdb/15d.benchmark,16,1.37814
benchmark/imdb/15d.benchmark,17,1.37934
benchmark/imdb/15d.benchmark,18,1.37876
benchmark/imdb/15d.benchmark,19,1.38151
benchmark/imdb/15d.benchmark,20,1.38364
benchmark/imdb/16a.benchmark,1,0.827256
benchmark/imdb/16a.benchmark,2,0.827447
benchmark/imdb/16a.benchmark,3,0.828165
benchmark/imdb/16a.benchmark,4,0.829105
benchmark/imdb/16a.benchmark,5,0.827868
benchmark/imdb/16a.benchmark,6,0.82724
benchmark/imdb/16a.benchmark,7,0.826959
benchmark/imdb/16a.benchmark,8,0.827254
benchmark/imdb/16a.benchmark,9,0.8298
benchmark/imdb/16a.benchmark,10,0.829854
benchmark/imdb/16a.benchmark,11,0.82833
benchmark/imdb/16a.benchmark,12,0.82557
benchmark/imdb/16a.benchmark,13,0.827603
benchmark/imdb/16a.benchmark,14,0.826321
benchmark/imdb/16a.benchmark,15,0.826548
benchmark/imdb/16a.benchmark,16,0.827228
benchmark/imdb/16a.benchmark,17,0.82786
benchmark/imdb/16a.benchmark,18,0.828211
benchmark/imdb/16a.benchmark,19,0.826178
benchmark/imdb/16a.benchmark,20,0.827891
benchmark/imdb/16b.benchmark,1,6.3343
benchmark/imdb/16b.benchmark,2,6.22984
benchmark/imdb/16b.benchmark,3,6.19968
benchmark/imdb/16b.benchmark,4,6.22891
benchmark/imdb/16b.benchmark,5,6.37082
benchmark/imdb/16b.benchmark,6,6.23214
benchmark/imdb/16b.benchmark,7,6.20824
benchmark/imdb/16b.benchmark,8,6.29238
benchmark/imdb/16b.benchmark,9,6.24956
benchmark/imdb/16b.benchmark,10,6.23014
benchmark/imdb/16b.benchmark,11,6.26478
benchmark/imdb/16b.benchmark,12,6.353
benchmark/imdb/16b.benchmark,13,6.19397
benchmark/imdb/16b.benchmark,14,6.20947
benchmark/imdb/16b.benchmark,15,6.29683
benchmark/imdb/16b.benchmark,16,6.19118
benchmark/imdb/16b.benchmark,17,6.21417
benchmark/imdb/16b.benchmark,18,6.29674
benchmark/imdb/16b.benchmark,19,6.24531
benchmark/imdb/16b.benchmark,20,6.21347
benchmark/imdb/16c.benchmark,1,2.22441
benchmark/imdb/16c.benchmark,2,2.21784
benchmark/imdb/16c.benchmark,3,2.23893
benchmark/imdb/16c.benchmark,4,2.22116
benchmark/imdb/16c.benchmark,5,2.21115
benchmark/imdb/16c.benchmark,6,2.21399
benchmark/imdb/16c.benchmark,7,2.22289
benchmark/imdb/16c.benchmark,8,2.21569
benchmark/imdb/16c.benchmark,9,2.21345
benchmark/imdb/16c.benchmark,10,2.23904
benchmark/imdb/16c.benchmark,11,2.29805
benchmark/imdb/16c.benchmark,12,2.22835
benchmark/imdb/16c.benchmark,13,2.22545
benchmark/imdb/16c.benchmark,14,2.23211
benchmark/imdb/16c.benchmark,15,2.23091
benchmark/imdb/16c.benchmark,16,2.21884
benchmark/imdb/16c.benchmark,17,2.23276
benchmark/imdb/16c.benchmark,18,2.22584
benchmark/imdb/16c.benchmark,19,2.22991
benchmark/imdb/16c.benchmark,20,2.22506
benchmark/imdb/16d.benchmark,1,2.23999
benchmark/imdb/16d.benchmark,2,2.24076
benchmark/imdb/16d.benchmark,3,2.25427
benchmark/imdb/16d.benchmark,4,2.24939
benchmark/imdb/16d.benchmark,5,2.24844
benchmark/imdb/16d.benchmark,6,2.25041
benchmark/imdb/16d.benchmark,7,2.2445
benchmark/imdb/16d.benchmark,8,2.23567
benchmark/imdb/16d.benchmark,9,2.23737
benchmark/imdb/16d.benchmark,10,2.25179
benchmark/imdb/16d.benchmark,11,2.24152
benchmark/imdb/16d.benchmark,12,2.24294
benchmark/imdb/16d.benchmark,13,2.24317
benchmark/imdb/16d.benchmark,14,2.23739
benchmark/imdb/16d.benchmark,15,2.25822
benchmark/imdb/16d.benchmark,16,2.23377
benchmark/imdb/16d.benchmark,17,2.24189
benchmark/imdb/16d.benchmark,18,2.24766
benchmark/imdb/16d.benchmark,19,2.2682
benchmark/imdb/16d.benchmark,20,2.25434
benchmark/imdb/17a.benchmark,1,1.92038
benchmark/imdb/17a.benchmark,2,1.91711
benchmark/imdb/17a.benchmark,3,1.91625
benchmark/imdb/17a.benchmark,4,1.92175
benchmark/imdb/17a.benchmark,5,1.92006
benchmark/imdb/17a.benchmark,6,1.98705
benchmark/imdb/17a.benchmark,7,1.95739
benchmark/imdb/17a.benchmark,8,1.91866
benchmark/imdb/17a.benchmark,9,1.92737
benchmark/imdb/17a.benchmark,10,1.92651
benchmark/imdb/17a.benchmark,11,1.92211
benchmark/imdb/17a.benchmark,12,1.92083
benchmark/imdb/17a.benchmark,13,1.93423
benchmark/imdb/17a.benchmark,14,1.91869
benchmark/imdb/17a.benchmark,15,1.94664
benchmark/imdb/17a.benchmark,16,1.944
benchmark/imdb/17a.benchmark,17,1.93233
benchmark/imdb/17a.benchmark,18,1.92079
benchmark/imdb/17a.benchmark,19,1.92346
benchmark/imdb/17a.benchmark,20,1.92364
benchmark/imdb/17b.benchmark,1,3.51165
benchmark/imdb/17b.benchmark,2,3.50143
benchmark/imdb/17b.benchmark,3,3.49026
benchmark/imdb/17b.benchmark,4,3.50199
benchmark/imdb/17b.benchmark,5,3.5152
benchmark/imdb/17b.benchmark,6,3.50216
benchmark/imdb/17b.benchmark,7,3.49542
benchmark/imdb/17b.benchmark,8,3.50385
benchmark/imdb/17b.benchmark,9,3.56602
benchmark/imdb/17b.benchmark,10,3.49249
benchmark/imdb/17b.benchmark,11,3.51201
benchmark/imdb/17b.benchmark,12,3.49574
benchmark/imdb/17b.benchmark,13,3.50622
benchmark/imdb/17b.benchmark,14,3.48844
benchmark/imdb/17b.benchmark,15,3.51008
benchmark/imdb/17b.benchmark,16,3.5098
benchmark/imdb/17b.benchmark,17,3.57254
benchmark/imdb/17b.benchmark,18,3.5342
benchmark/imdb/17b.benchmark,19,3.49042
benchmark/imdb/17b.benchmark,20,3.48309
benchmark/imdb/17c.benchmark,1,3.52588
benchmark/imdb/17c.benchmark,2,3.48575
benchmark/imdb/17c.benchmark,3,3.48246
benchmark/imdb/17c.benchmark,4,3.54289
benchmark/imdb/17c.benchmark,5,3.55499
benchmark/imdb/17c.benchmark,6,3.49715
benchmark/imdb/17c.benchmark,7,3.49169
benchmark/imdb/17c.benchmark,8,3.48936
benchmark/imdb/17c.benchmark,9,3.49975
benchmark/imdb/17c.benchmark,10,3.52395
benchmark/imdb/17c.benchmark,11,3.51461
benchmark/imdb/17c.benchmark,12,3.49826
benchmark/imdb/17c.benchmark,13,3.56299
benchmark/imdb/17c.benchmark,14,3.48466
benchmark/imdb/17c.benchmark,15,3.49573
benchmark/imdb/17c.benchmark,16,3.50548
benchmark/imdb/17c.benchmark,17,3.48134
benchmark/imdb/17c.benchmark,18,3.53396
benchmark/imdb/17c.benchmark,19,3.53329
benchmark/imdb/17c.benchmark,20,3.57551
benchmark/imdb/17d.benchmark,1,3.66462
benchmark/imdb/17d.benchmark,2,3.64259
benchmark/imdb/17d.benchmark,3,3.62844
benchmark/imdb/17d.benchmark,4,3.61263
benchmark/imdb/17d.benchmark,5,3.65497
benchmark/imdb/17d.benchmark,6,3.63387
benchmark/imdb/17d.benchmark,7,3.73061
benchmark/imdb/17d.benchmark,8,3.63468
benchmark/imdb/17d.benchmark,9,3.63508
benchmark/imdb/17d.benchmark,10,3.66726
benchmark/imdb/17d.benchmark,11,3.66209
benchmark/imdb/17d.benchmark,12,3.65593
benchmark/imdb/17d.benchmark,13,3.64008
benchmark/imdb/17d.benchmark,14,3.70585
benchmark/imdb/17d.benchmark,15,3.64009
benchmark/imdb/17d.benchmark,16,3.63531
benchmark/imdb/17d.benchmark,17,3.62867
benchmark/imdb/17d.benchmark,18,3.64785
benchmark/imdb/17d.benchmark,19,3.67697
benchmark/imdb/17d.benchmark,20,3.69795
benchmark/imdb/17e.benchmark,1,2.99631
benchmark/imdb/17e.benchmark,2,2.97723
benchmark/imdb/17e.benchmark,3,2.9889
benchmark/imdb/17e.benchmark,4,2.99326
benchmark/imdb/17e.benchmark,5,2.98882
benchmark/imdb/17e.benchmark,6,2.98305
benchmark/imdb/17e.benchmark,7,2.97742
benchmark/imdb/17e.benchmark,8,2.98768
benchmark/imdb/17e.benchmark,9,2.98528
benchmark/imdb/17e.benchmark,10,2.98365
benchmark/imdb/17e.benchmark,11,2.98575
benchmark/imdb/17e.benchmark,12,2.99247
benchmark/imdb/17e.benchmark,13,2.99536
benchmark/imdb/17e.benchmark,14,3.00202
benchmark/imdb/17e.benchmark,15,2.99066
benchmark/imdb/17e.benchmark,16,3.00152
benchmark/imdb/17e.benchmark,17,2.98784
benchmark/imdb/17e.benchmark,18,3.00155
benchmark/imdb/17e.benchmark,19,2.99175
benchmark/imdb/17e.benchmark,20,3.0013
benchmark/imdb/17f.benchmark,1,3.96606
benchmark/imdb/17f.benchmark,2,4.00308
benchmark/imdb/17f.benchmark,3,3.96907
benchmark/imdb/17f.benchmark,4,3.97334
benchmark/imdb/17f.benchmark,5,4.01861
benchmark/imdb/17f.benchmark,6,3.96581
benchmark/imdb/17f.benchmark,7,4.03304
benchmark/imdb/17f.benchmark,8,4.00237
benchmark/imdb/17f.benchmark,9,3.95706
benchmark/imdb/17f.benchmark,10,3.94889
benchmark/imdb/17f.benchmark,11,3.95744
benchmark/imdb/17f.benchmark,12,3.97801
benchmark/imdb/17f.benchmark,13,3.97704
benchmark/imdb/17f.benchmark,14,3.97275
benchmark/imdb/17f.benchmark,15,3.96794
benchmark/imdb/17f.benchmark,16,3.9885
benchmark/imdb/17f.benchmark,17,3.97695
benchmark/imdb/17f.benchmark,18,3.96796
benchmark/imdb/17f.benchmark,19,4.04994
benchmark/imdb/17f.benchmark,20,3.99376
benchmark/imdb/18a.benchmark,1,3.3557
benchmark/imdb/18a.benchmark,2,3.31332
benchmark/imdb/18a.benchmark,3,3.31101
benchmark/imdb/18a.benchmark,4,3.33747
benchmark/imdb/18a.benchmark,5,3.31569
benchmark/imdb/18a.benchmark,6,3.307
benchmark/imdb/18a.benchmark,7,3.31448
benchmark/imdb/18a.benchmark,8,3.3254
benchmark/imdb/18a.benchmark,9,3.38629
benchmark/imdb/18a.benchmark,10,3.40325
benchmark/imdb/18a.benchmark,11,3.30518
benchmark/imdb/18a.benchmark,12,3.32015
benchmark/imdb/18a.benchmark,13,3.31559
benchmark/imdb/18a.benchmark,14,3.35832
benchmark/imdb/18a.benchmark,15,3.31576
benchmark/imdb/18a.benchmark,16,3.31481
benchmark/imdb/18a.benchmark,17,3.34463
benchmark/imdb/18a.benchmark,18,3.37971
benchmark/imdb/18a.benchmark,19,3.36224
benchmark/imdb/18a.benchmark,20,3.32216
benchmark/imdb/18b.benchmark,1,2.73447
benchmark/imdb/18b.benchmark,2,2.72463
benchmark/imdb/18b.benchmark,3,2.79274
benchmark/imdb/18b.benchmark,4,2.77425
benchmark/imdb/18b.benchmark,5,2.69394
benchmark/imdb/18b.benchmark,6,2.70322
benchmark/imdb/18b.benchmark,7,2.70338
benchmark/imdb/18b.benchmark,8,2.70125
benchmark/imdb/18b.benchmark,9,2.70187
benchmark/imdb/18b.benchmark,10,2.70039
benchmark/imdb/18b.benchmark,11,2.70769
benchmark/imdb/18b.benchmark,12,2.70544
benchmark/imdb/18b.benchmark,13,2.71204
benchmark/imdb/18b.benchmark,14,2.73897
benchmark/imdb/18b.benchmark,15,2.73063
benchmark/imdb/18b.benchmark,16,2.79261
benchmark/imdb/18b.benchmark,17,2.69904
benchmark/imdb/18b.benchmark,18,2.71692
benchmark/imdb/18b.benchmark,19,2.71184
benchmark/imdb/18b.benchmark,20,2.70095
benchmark/imdb/18c.benchmark,1,3.21428
benchmark/imdb/18c.benchmark,2,3.20758
benchmark/imdb/18c.benchmark,3,3.28393
benchmark/imdb/18c.benchmark,4,3.28124
benchmark/imdb/18c.benchmark,5,3.19584
benchmark/imdb/18c.benchmark,6,3.19737
benchmark/imdb/18c.benchmark,7,3.2
benchmark/imdb/18c.benchmark,8,3.1984
benchmark/imdb/18c.benchmark,9,3.25714
benchmark/imdb/18c.benchmark,10,3.19338
benchmark/imdb/18c.benchmark,11,3.19971
benchmark/imdb/18c.benchmark,12,3.20632
benchmark/imdb/18c.benchmark,13,3.20774
benchmark/imdb/18c.benchmark,14,3.29114
benchmark/imdb/18c.benchmark,15,3.19099
benchmark/imdb/18c.benchmark,16,3.21234
benchmark/imdb/18c.benchmark,17,3.1967
benchmark/imdb/18c.benchmark,18,3.21745
benchmark/imdb/18c.benchmark,19,3.21939
benchmark/imdb/18c.benchmark,20,3.27333
benchmark/imdb/19a.benchmark,1,3.51725
benchmark/imdb/19a.benchmark,2,3.51327
benchmark/imdb/19a.benchmark,3,3.47848
benchmark/imdb/19a.benchmark,4,3.4884
benchmark/imdb/19a.benchmark,5,3.47863
benchmark/imdb/19a.benchmark,6,3.47049
benchmark/imdb/19a.benchmark,7,3.49951
benchmark/imdb/19a.benchmark,8,3.4766
benchmark/imdb/19a.benchmark,9,3.5617
benchmark/imdb/19a.benchmark,10,3.50036
benchmark/imdb/19a.benchmark,11,3.47132
benchmark/imdb/19a.benchmark,12,3.4545
benchmark/imdb/19a.benchmark,13,3.45979
benchmark/imdb/19a.benchmark,14,3.5069
benchmark/imdb/19a.benchmark,15,3.45515
benchmark/imdb/19a.benchmark,16,3.53075
benchmark/imdb/19a.benchmark,17,3.56595
benchmark/imdb/19a.benchmark,18,3.43874
benchmark/imdb/19a.benchmark,19,3.46796
benchmark/imdb/19a.benchmark,20,3.47653
benchmark/imdb/19b.benchmark,1,2.86351
benchmark/imdb/19b.benchmark,2,2.83035
benchmark/imdb/19b.benchmark,3,2.91428
benchmark/imdb/19b.benchmark,4,2.84244
benchmark/imdb/19b.benchmark,5,2.85031
benchmark/imdb/19b.benchmark,6,2.82757
benchmark/imdb/19b.benchmark,7,2.82955
benchmark/imdb/19b.benchmark,8,2.85795
benchmark/imdb/19b.benchmark,9,2.82444
benchmark/imdb/19b.benchmark,10,2.89741
benchmark/imdb/19b.benchmark,11,2.81937
benchmark/imdb/19b.benchmark,12,2.83001
benchmark/imdb/19b.benchmark,13,2.81808
benchmark/imdb/19b.benchmark,14,2.82619
benchmark/imdb/19b.benchmark,15,2.81302
benchmark/imdb/19b.benchmark,16,2.89949
benchmark/imdb/19b.benchmark,17,2.82434
benchmark/imdb/19b.benchmark,18,2.82153
benchmark/imdb/19b.benchmark,19,2.83222
benchmark/imdb/19b.benchmark,20,2.82416
benchmark/imdb/19c.benchmark,1,3.60315
benchmark/imdb/19c.benchmark,2,3.61092
benchmark/imdb/19c.benchmark,3,3.68366
benchmark/imdb/19c.benchmark,4,3.66632
benchmark/imdb/19c.benchmark,5,3.58254
benchmark/imdb/19c.benchmark,6,3.61154
benchmark/imdb/19c.benchmark,7,3.60285
benchmark/imdb/19c.benchmark,8,3.61405
benchmark/imdb/19c.benchmark,9,3.64626
benchmark/imdb/19c.benchmark,10,3.65056
benchmark/imdb/19c.benchmark,11,3.59585
benchmark/imdb/19c.benchmark,12,3.65907
benchmark/imdb/19c.benchmark,13,3.65904
benchmark/imdb/19c.benchmark,14,3.61084
benchmark/imdb/19c.benchmark,15,3.60187
benchmark/imdb/19c.benchmark,16,3.61003
benchmark/imdb/19c.benchmark,17,3.62249
benchmark/imdb/19c.benchmark,18,3.60106
benchmark/imdb/19c.benchmark,19,3.71092
benchmark/imdb/19c.benchmark,20,3.61639
benchmark/imdb/19d.benchmark,1,5.48166
benchmark/imdb/19d.benchmark,2,5.40487
benchmark/imdb/19d.benchmark,3,5.42985
benchmark/imdb/19d.benchmark,4,5.38429
benchmark/imdb/19d.benchmark,5,5.44277
benchmark/imdb/19d.benchmark,6,5.50561
benchmark/imdb/19d.benchmark,7,5.44058
benchmark/imdb/19d.benchmark,8,5.39617
benchmark/imdb/19d.benchmark,9,5.44736
benchmark/imdb/19d.benchmark,10,5.48781
benchmark/imdb/19d.benchmark,11,5.41859
benchmark/imdb/19d.benchmark,12,5.45488
benchmark/imdb/19d.benchmark,13,5.38755
benchmark/imdb/19d.benchmark,14,5.44981
benchmark/imdb/19d.benchmark,15,5.5151
benchmark/imdb/19d.benchmark,16,5.45171
benchmark/imdb/19d.benchmark,17,5.41539
benchmark/imdb/19d.benchmark,18,5.47604
benchmark/imdb/19d.benchmark,19,5.4993
benchmark/imdb/19d.benchmark,20,5.41162
benchmark/imdb/20a.benchmark,1,1.8995
benchmark/imdb/20a.benchmark,2,1.94276
benchmark/imdb/20a.benchmark,3,1.90498
benchmark/imdb/20a.benchmark,4,1.90521
benchmark/imdb/20a.benchmark,5,1.93992
benchmark/imdb/20a.benchmark,6,1.91476
benchmark/imdb/20a.benchmark,7,1.90265
benchmark/imdb/20a.benchmark,8,1.92117
benchmark/imdb/20a.benchmark,9,1.90384
benchmark/imdb/20a.benchmark,10,1.90883
benchmark/imdb/20a.benchmark,11,1.91341
benchmark/imdb/20a.benchmark,12,1.905
benchmark/imdb/20a.benchmark,13,1.94918
benchmark/imdb/20a.benchmark,14,1.91489
benchmark/imdb/20a.benchmark,15,1.90291
benchmark/imdb/20a.benchmark,16,1.91643
benchmark/imdb/20a.benchmark,17,1.90653
benchmark/imdb/20a.benchmark,18,1.90499
benchmark/imdb/20a.benchmark,19,1.90681
benchmark/imdb/20a.benchmark,20,1.90573
benchmark/imdb/20b.benchmark,1,1.86553
benchmark/imdb/20b.benchmark,2,1.86077
benchmark/imdb/20b.benchmark,3,1.86693
benchmark/imdb/20b.benchmark,4,1.87424
benchmark/imdb/20b.benchmark,5,1.86332
benchmark/imdb/20b.benchmark,6,1.86755
benchmark/imdb/20b.benchmark,7,1.86757
benchmark/imdb/20b.benchmark,8,1.86831
benchmark/imdb/20b.benchmark,9,1.87022
benchmark/imdb/20b.benchmark,10,1.89625
benchmark/imdb/20b.benchmark,11,1.8688
benchmark/imdb/20b.benchmark,12,1.87406
benchmark/imdb/20b.benchmark,13,1.95382
benchmark/imdb/20b.benchmark,14,1.87442
benchmark/imdb/20b.benchmark,15,1.86635
benchmark/imdb/20b.benchmark,16,1.86697
benchmark/imdb/20b.benchmark,17,1.86653
benchmark/imdb/20b.benchmark,18,1.86681
benchmark/imdb/20b.benchmark,19,1.8652
benchmark/imdb/20b.benchmark,20,1.86839
benchmark/imdb/20c.benchmark,1,1.85058
benchmark/imdb/20c.benchmark,2,1.86063
benchmark/imdb/20c.benchmark,3,1.85493
benchmark/imdb/20c.benchmark,4,1.85616
benchmark/imdb/20c.benchmark,5,1.86041
benchmark/imdb/20c.benchmark,6,1.85413
benchmark/imdb/20c.benchmark,7,1.86
benchmark/imdb/20c.benchmark,8,1.85917
benchmark/imdb/20c.benchmark,9,1.86077
benchmark/imdb/20c.benchmark,10,1.86088
benchmark/imdb/20c.benchmark,11,1.87458
benchmark/imdb/20c.benchmark,12,1.86003
benchmark/imdb/20c.benchmark,13,1.86182
benchmark/imdb/20c.benchmark,14,1.91412
benchmark/imdb/20c.benchmark,15,1.86067
benchmark/imdb/20c.benchmark,16,1.8576
benchmark/imdb/20c.benchmark,17,1.85879
benchmark/imdb/20c.benchmark,18,1.85968
benchmark/imdb/20c.benchmark,19,1.86052
benchmark/imdb/20c.benchmark,20,1.85657
benchmark/imdb/21a.benchmark,1,1.47427
benchmark/imdb/21a.benchmark,2,1.46964
benchmark/imdb/21a.benchmark,3,1.47586
benchmark/imdb/21a.benchmark,4,1.47417
benchmark/imdb/21a.benchmark,5,1.4757
benchmark/imdb/21a.benchmark,6,1.47432
benchmark/imdb/21a.benchmark,7,1.47204
benchmark/imdb/21a.benchmark,8,1.47382
benchmark/imdb/21a.benchmark,9,1.47412
benchmark/imdb/21a.benchmark,10,1.47398
benchmark/imdb/21a.benchmark,11,1.47448
benchmark/imdb/21a.benchmark,12,1.47259
benchmark/imdb/21a.benchmark,13,1.47412
benchmark/imdb/21a.benchmark,14,1.54579
benchmark/imdb/21a.benchmark,15,1.47895
benchmark/imdb/21a.benchmark,16,1.48059
benchmark/imdb/21a.benchmark,17,1.47598
benchmark/imdb/21a.benchmark,18,1.47805
benchmark/imdb/21a.benchmark,19,1.47435
benchmark/imdb/21a.benchmark,20,1.47132
benchmark/imdb/21b.benchmark,1,1.11414
benchmark/imdb/21b.benchmark,2,1.11108
benchmark/imdb/21b.benchmark,3,1.1178
benchmark/imdb/21b.benchmark,4,1.11684
benchmark/imdb/21b.benchmark,5,1.11761
benchmark/imdb/21b.benchmark,6,1.11948
benchmark/imdb/21b.benchmark,7,1.11491
benchmark/imdb/21b.benchmark,8,1.12025
benchmark/imdb/21b.benchmark,9,1.11849
benchmark/imdb/21b.benchmark,10,1.11611
benchmark/imdb/21b.benchmark,11,1.11202
benchmark/imdb/21b.benchmark,12,1.12136
benchmark/imdb/21b.benchmark,13,1.1195
benchmark/imdb/21b.benchmark,14,1.11793
benchmark/imdb/21b.benchmark,15,1.11659
benchmark/imdb/21b.benchmark,16,1.11352
benchmark/imdb/21b.benchmark,17,1.11381
benchmark/imdb/21b.benchmark,18,1.11414
benchmark/imdb/21b.benchmark,19,1.11574
benchmark/imdb/21b.benchmark,20,1.11549
benchmark/imdb/21c.benchmark,1,1.52258
benchmark/imdb/21c.benchmark,2,1.49573
benchmark/imdb/21c.benchmark,3,1.49199
benchmark/imdb/21c.benchmark,4,1.50884
benchmark/imdb/21c.benchmark,5,1.57865
benchmark/imdb/21c.benchmark,6,1.49932
benchmark/imdb/21c.benchmark,7,1.50226
benchmark/imdb/21c.benchmark,8,1.49857
benchmark/imdb/21c.benchmark,9,1.49548
benchmark/imdb/21c.benchmark,10,1.49797
benchmark/imdb/21c.benchmark,11,1.50055
benchmark/imdb/21c.benchmark,12,1.49862
benchmark/imdb/21c.benchmark,13,1.5026
benchmark/imdb/21c.benchmark,14,1.50274
benchmark/imdb/21c.benchmark,15,1.49328
benchmark/imdb/21c.benchmark,16,1.50755
benchmark/imdb/21c.benchmark,17,1.54242
benchmark/imdb/21c.benchmark,18,1.50098
benchmark/imdb/21c.benchmark,19,1.50162
benchmark/imdb/21c.benchmark,20,1.56371
benchmark/imdb/22a.benchmark,1,1.68527
benchmark/imdb/22a.benchmark,2,1.68747
benchmark/imdb/22a.benchmark,3,1.68241
benchmark/imdb/22a.benchmark,4,1.68124
benchmark/imdb/22a.benchmark,5,1.6832
benchmark/imdb/22a.benchmark,6,1.67742
benchmark/imdb/22a.benchmark,7,1.68447
benchmark/imdb/22a.benchmark,8,1.67771
benchmark/imdb/22a.benchmark,9,1.68549
benchmark/imdb/22a.benchmark,10,1.71495
benchmark/imdb/22a.benchmark,11,1.67936
benchmark/imdb/22a.benchmark,12,1.68233
benchmark/imdb/22a.benchmark,13,1.67712
benchmark/imdb/22a.benchmark,14,1.68139
benchmark/imdb/22a.benchmark,15,1.69689
benchmark/imdb/22a.benchmark,16,1.69423
benchmark/imdb/22a.benchmark,17,1.76832
benchmark/imdb/22a.benchmark,18,1.69594
benchmark/imdb/22a.benchmark,19,1.67369
benchmark/imdb/22a.benchmark,20,1.67946
benchmark/imdb/22b.benchmark,1,1.50593
benchmark/imdb/22b.benchmark,2,1.51342
benchmark/imdb/22b.benchmark,3,1.51373
benchmark/imdb/22b.benchmark,4,1.5186
benchmark/imdb/22b.benchmark,5,1.50653
benchmark/imdb/22b.benchmark,6,1.51332
benchmark/imdb/22b.benchmark,7,1.52283
benchmark/imdb/22b.benchmark,8,1.51357
benchmark/imdb/22b.benchmark,9,1.5108
benchmark/imdb/22b.benchmark,10,1.53389
benchmark/imdb/22b.benchmark,11,1.52772
benchmark/imdb/22b.benchmark,12,1.5152
benchmark/imdb/22b.benchmark,13,1.51879
benchmark/imdb/22b.benchmark,14,1.59458
benchmark/imdb/22b.benchmark,15,1.51187
benchmark/imdb/22b.benchmark,16,1.51237
benchmark/imdb/22b.benchmark,17,1.51417
benchmark/imdb/22b.benchmark,18,1.51953
benchmark/imdb/22b.benchmark,19,1.51267
benchmark/imdb/22b.benchmark,20,1.52008
benchmark/imdb/22c.benchmark,1,2.58492
benchmark/imdb/22c.benchmark,2,2.57008
benchmark/imdb/22c.benchmark,3,2.62499
benchmark/imdb/22c.benchmark,4,2.55962
benchmark/imdb/22c.benchmark,5,2.55359
benchmark/imdb/22c.benchmark,6,2.55753
benchmark/imdb/22c.benchmark,7,2.6727
benchmark/imdb/22c.benchmark,8,2.5488
benchmark/imdb/22c.benchmark,9,2.54394
benchmark/imdb/22c.benchmark,10,2.55471
benchmark/imdb/22c.benchmark,11,2.56701
benchmark/imdb/22c.benchmark,12,2.55072
benchmark/imdb/22c.benchmark,13,2.55034
benchmark/imdb/22c.benchmark,14,2.54419
benchmark/imdb/22c.benchmark,15,2.57986
benchmark/imdb/22c.benchmark,16,2.5583
benchmark/imdb/22c.benchmark,17,2.60972
benchmark/imdb/22c.benchmark,18,2.56216
benchmark/imdb/22c.benchmark,19,2.55979
benchmark/imdb/22c.benchmark,20,2.54498
benchmark/imdb/22d.benchmark,1,3.56998
benchmark/imdb/22d.benchmark,2,3.49004
benchmark/imdb/22d.benchmark,3,3.50776
benchmark/imdb/22d.benchmark,4,3.50401
benchmark/imdb/22d.benchmark,5,3.53541
benchmark/imdb/22d.benchmark,6,3.51991
benchmark/imdb/22d.benchmark,7,3.47742
benchmark/imdb/22d.benchmark,8,3.48342
benchmark/imdb/22d.benchmark,9,3.5496
benchmark/imdb/22d.benchmark,10,3.50838
benchmark/imdb/22d.benchmark,11,3.4713
benchmark/imdb/22d.benchmark,12,3.47529
benchmark/imdb/22d.benchmark,13,3.46467
benchmark/imdb/22d.benchmark,14,3.46478
benchmark/imdb/22d.benchmark,15,3.49024
benchmark/imdb/22d.benchmark,16,3.46706
benchmark/imdb/22d.benchmark,17,3.47092
benchmark/imdb/22d.benchmark,18,3.55818
benchmark/imdb/22d.benchmark,19,3.50937
benchmark/imdb/22d.benchmark,20,3.57298
benchmark/imdb/23a.benchmark,1,1.49963
benchmark/imdb/23a.benchmark,2,1.49841
benchmark/imdb/23a.benchmark,3,1.49196
benchmark/imdb/23a.benchmark,4,1.49488
benchmark/imdb/23a.benchmark,5,1.49573
benchmark/imdb/23a.benchmark,6,1.4933
benchmark/imdb/23a.benchmark,7,1.4895
benchmark/imdb/23a.benchmark,8,1.4957
benchmark/imdb/23a.benchmark,9,1.49316
benchmark/imdb/23a.benchmark,10,1.49732
benchmark/imdb/23a.benchmark,11,1.49475
benchmark/imdb/23a.benchmark,12,1.49332
benchmark/imdb/23a.benchmark,13,1.499
benchmark/imdb/23a.benchmark,14,1.49464
benchmark/imdb/23a.benchmark,15,1.49977
benchmark/imdb/23a.benchmark,16,1.50058
benchmark/imdb/23a.benchmark,17,1.49458
benchmark/imdb/23a.benchmark,18,1.49411
benchmark/imdb/23a.benchmark,19,1.49209
benchmark/imdb/23a.benchmark,20,1.49764
benchmark/imdb/23b.benchmark,1,1.51993
benchmark/imdb/23b.benchmark,2,1.52023
benchmark/imdb/23b.benchmark,3,1.52617
benchmark/imdb/23b.benchmark,4,1.52096
benchmark/imdb/23b.benchmark,5,1.52523
benchmark/imdb/23b.benchmark,6,1.52396
benchmark/imdb/23b.benchmark,7,1.52705
benchmark/imdb/23b.benchmark,8,1.52484
benchmark/imdb/23b.benchmark,9,1.52512
benchmark/imdb/23b.benchmark,10,1.52331
benchmark/imdb/23b.benchmark,11,1.52594
benchmark/imdb/23b.benchmark,12,1.52312
benchmark/imdb/23b.benchmark,13,1.52244
benchmark/imdb/23b.benchmark,14,1.53093
benchmark/imdb/23b.benchmark,15,1.52564
benchmark/imdb/23b.benchmark,16,1.52544
benchmark/imdb/23b.benchmark,17,1.52694
benchmark/imdb/23b.benchmark,18,1.5272
benchmark/imdb/23b.benchmark,19,1.52697
benchmark/imdb/23b.benchmark,20,1.52336
benchmark/imdb/23c.benchmark,1,1.54933
benchmark/imdb/23c.benchmark,2,1.54486
benchmark/imdb/23c.benchmark,3,1.54762
benchmark/imdb/23c.benchmark,4,1.54705
benchmark/imdb/23c.benchmark,5,1.54256
benchmark/imdb/23c.benchmark,6,1.54609
benchmark/imdb/23c.benchmark,7,1.54286
benchmark/imdb/23c.benchmark,8,1.5431
benchmark/imdb/23c.benchmark,9,1.55305
benchmark/imdb/23c.benchmark,10,1.54027
benchmark/imdb/23c.benchmark,11,1.54196
benchmark/imdb/23c.benchmark,12,1.55193
benchmark/imdb/23c.benchmark,13,1.54279
benchmark/imdb/23c.benchmark,14,1.55154
benchmark/imdb/23c.benchmark,15,1.63648
benchmark/imdb/23c.benchmark,16,1.54498
benchmark/imdb/23c.benchmark,17,1.53955
benchmark/imdb/23c.benchmark,18,1.56417
benchmark/imdb/23c.benchmark,19,1.60177
benchmark/imdb/23c.benchmark,20,1.5414
benchmark/imdb/24a.benchmark,1,3.7181
benchmark/imdb/24a.benchmark,2,3.71867
benchmark/imdb/24a.benchmark,3,3.71122
benchmark/imdb/24a.benchmark,4,3.71571
benchmark/imdb/24a.benchmark,5,3.70478
benchmark/imdb/24a.benchmark,6,3.72595
benchmark/imdb/24a.benchmark,7,3.73937
benchmark/imdb/24a.benchmark,8,3.77362
benchmark/imdb/24a.benchmark,9,3.73732
benchmark/imdb/24a.benchmark,10,3.66676
benchmark/imdb/24a.benchmark,11,3.78173
benchmark/imdb/24a.benchmark,12,3.75338
benchmark/imdb/24a.benchmark,13,3.72837
benchmark/imdb/24a.benchmark,14,3.74872
benchmark/imdb/24a.benchmark,15,3.80616
benchmark/imdb/24a.benchmark,16,3.71312
benchmark/imdb/24a.benchmark,17,3.796
benchmark/imdb/24a.benchmark,18,3.72383
benchmark/imdb/24a.benchmark,19,3.70931
benchmark/imdb/24a.benchmark,20,3.71382
benchmark/imdb/24b.benchmark,1,3.27211
benchmark/imdb/24b.benchmark,2,3.3689
benchmark/imdb/24b.benchmark,3,3.30138
benchmark/imdb/24b.benchmark,4,3.26143
benchmark/imdb/24b.benchmark,5,3.27516
benchmark/imdb/24b.benchmark,6,3.28368
benchmark/imdb/24b.benchmark,7,3.26977
benchmark/imdb/24b.benchmark,8,3.36118
benchmark/imdb/24b.benchmark,9,3.34094
benchmark/imdb/24b.benchmark,10,3.29891
benchmark/imdb/24b.benchmark,11,3.27089
benchmark/imdb/24b.benchmark,12,3.25947
benchmark/imdb/24b.benchmark,13,3.27002
benchmark/imdb/24b.benchmark,14,3.27367
benchmark/imdb/24b.benchmark,15,3.26177
benchmark/imdb/24b.benchmark,16,3.24739
benchmark/imdb/24b.benchmark,17,3.2952
benchmark/imdb/24b.benchmark,18,3.35729
benchmark/imdb/24b.benchmark,19,3.28215
benchmark/imdb/24b.benchmark,20,3.3013
benchmark/imdb/25a.benchmark,1,2.99121
benchmark/imdb/25a.benchmark,2,2.98005
benchmark/imdb/25a.benchmark,3,3.07232
benchmark/imdb/25a.benchmark,4,2.98266
benchmark/imdb/25a.benchmark,5,3.06462
benchmark/imdb/25a.benchmark,6,2.96891
benchmark/imdb/25a.benchmark,7,2.96227
benchmark/imdb/25a.benchmark,8,2.96139
benchmark/imdb/25a.benchmark,9,2.96723
benchmark/imdb/25a.benchmark,10,2.95376
benchmark/imdb/25a.benchmark,11,2.97349
benchmark/imdb/25a.benchmark,12,2.96906
benchmark/imdb/25a.benchmark,13,2.96626
benchmark/imdb/25a.benchmark,14,2.96309
benchmark/imdb/25a.benchmark,15,2.97216
benchmark/imdb/25a.benchmark,16,2.95684
benchmark/imdb/25a.benchmark,17,2.95466
benchmark/imdb/25a.benchmark,18,2.95365
benchmark/imdb/25a.benchmark,19,2.9545
benchmark/imdb/25a.benchmark,20,2.97152
benchmark/imdb/25b.benchmark,1,2.61198
benchmark/imdb/25b.benchmark,2,2.61985
benchmark/imdb/25b.benchmark,3,2.61723
benchmark/imdb/25b.benchmark,4,2.61747
benchmark/imdb/25b.benchmark,5,2.61624
benchmark/imdb/25b.benchmark,6,2.61516
benchmark/imdb/25b.benchmark,7,2.7074
benchmark/imdb/25b.benchmark,8,2.62491
benchmark/imdb/25b.benchmark,9,2.69388
benchmark/imdb/25b.benchmark,10,2.61246
benchmark/imdb/25b.benchmark,11,2.61346
benchmark/imdb/25b.benchmark,12,2.61906
benchmark/imdb/25b.benchmark,13,2.62826
benchmark/imdb/25b.benchmark,14,2.624
benchmark/imdb/25b.benchmark,15,2.62408
benchmark/imdb/25b.benchmark,16,2.64499
benchmark/imdb/25b.benchmark,17,2.61423
benchmark/imdb/25b.benchmark,18,2.61652
benchmark/imdb/25b.benchmark,19,2.62368
benchmark/imdb/25b.benchmark,20,2.68697
benchmark/imdb/25c.benchmark,1,4.05982
benchmark/imdb/25c.benchmark,2,3.97132
benchmark/imdb/25c.benchmark,3,3.99413
benchmark/imdb/25c.benchmark,4,4.0644
benchmark/imdb/25c.benchmark,5,4.04061
benchmark/imdb/25c.benchmark,6,3.99674
benchmark/imdb/25c.benchmark,7,3.96712
benchmark/imdb/25c.benchmark,8,3.97421
benchmark/imdb/25c.benchmark,9,4.0157
benchmark/imdb/25c.benchmark,10,4.05034
benchmark/imdb/25c.benchmark,11,4.06296
benchmark/imdb/25c.benchmark,12,3.98645
benchmark/imdb/25c.benchmark,13,3.99742
benchmark/imdb/25c.benchmark,14,3.98494
benchmark/imdb/25c.benchmark,15,4.06206
benchmark/imdb/25c.benchmark,16,4.04995
benchmark/imdb/25c.benchmark,17,3.97135
benchmark/imdb/25c.benchmark,18,3.97671
benchmark/imdb/25c.benchmark,19,4.00735
benchmark/imdb/25c.benchmark,20,4.01067
benchmark/imdb/26a.benchmark,1,2.22616
benchmark/imdb/26a.benchmark,2,2.2453
benchmark/imdb/26a.benchmark,3,2.22572
benchmark/imdb/26a.benchmark,4,2.2238
benchmark/imdb/26a.benchmark,5,2.21914
benchmark/imdb/26a.benchmark,6,2.23716
benchmark/imdb/26a.benchmark,7,2.24902
benchmark/imdb/26a.benchmark,8,2.24007
benchmark/imdb/26a.benchmark,9,2.21881
benchmark/imdb/26a.benchmark,10,2.22249
benchmark/imdb/26a.benchmark,11,2.22249
benchmark/imdb/26a.benchmark,12,2.24627
benchmark/imdb/26a.benchmark,13,2.23806
benchmark/imdb/26a.benchmark,14,2.23595
benchmark/imdb/26a.benchmark,15,2.25055
benchmark/imdb/26a.benchmark,16,2.26055
benchmark/imdb/26a.benchmark,17,2.28572
benchmark/imdb/26a.benchmark,18,2.2784
benchmark/imdb/26a.benchmark,19,2.21904
benchmark/imdb/26a.benchmark,20,2.23692
benchmark/imdb/26b.benchmark,1,1.50651
benchmark/imdb/26b.benchmark,2,1.50348
benchmark/imdb/26b.benchmark,3,1.50306
benchmark/imdb/26b.benchmark,4,1.50292
benchmark/imdb/26b.benchmark,5,1.4989
benchmark/imdb/26b.benchmark,6,1.50098
benchmark/imdb/26b.benchmark,7,1.50276
benchmark/imdb/26b.benchmark,8,1.5064
benchmark/imdb/26b.benchmark,9,1.50261
benchmark/imdb/26b.benchmark,10,1.50475
benchmark/imdb/26b.benchmark,11,1.50078
benchmark/imdb/26b.benchmark,12,1.49935
benchmark/imdb/26b.benchmark,13,1.50016
benchmark/imdb/26b.benchmark,14,1.50569
benchmark/imdb/26b.benchmark,15,1.50266
benchmark/imdb/26b.benchmark,16,1.50501
benchmark/imdb/26b.benchmark,17,1.50128
benchmark/imdb/26b.benchmark,18,1.49846
benchmark/imdb/26b.benchmark,19,1.5006
benchmark/imdb/26b.benchmark,20,1.50167
benchmark/imdb/26c.benchmark,1,2.49639
benchmark/imdb/26c.benchmark,2,2.46842
benchmark/imdb/26c.benchmark,3,2.50872
benchmark/imdb/26c.benchmark,4,2.47418
benchmark/imdb/26c.benchmark,5,2.46599
benchmark/imdb/26c.benchmark,6,2.46951
benchmark/imdb/26c.benchmark,7,2.49136
benchmark/imdb/26c.benchmark,8,2.475
benchmark/imdb/26c.benchmark,9,2.47417
benchmark/imdb/26c.benchmark,10,2.46815
benchmark/imdb/26c.benchmark,11,2.47595
benchmark/imdb/26c.benchmark,12,2.4744
benchmark/imdb/26c.benchmark,13,2.46744
benchmark/imdb/26c.benchmark,14,2.47038
benchmark/imdb/26c.benchmark,15,2.47035
benchmark/imdb/26c.benchmark,16,2.47246
benchmark/imdb/26c.benchmark,17,2.46882
benchmark/imdb/26c.benchmark,18,2.46783
benchmark/imdb/26c.benchmark,19,2.49041
benchmark/imdb/26c.benchmark,20,2.49529
benchmark/imdb/27a.benchmark,1,1.27901
benchmark/imdb/27a.benchmark,2,1.27921
benchmark/imdb/27a.benchmark,3,1.29034
benchmark/imdb/27a.benchmark,4,1.27803
benchmark/imdb/27a.benchmark,5,1.27833
benchmark/imdb/27a.benchmark,6,1.27457
benchmark/imdb/27a.benchmark,7,1.27491
benchmark/imdb/27a.benchmark,8,1.28244
benchmark/imdb/27a.benchmark,9,1.28581
benchmark/imdb/27a.benchmark,10,1.2953
benchmark/imdb/27a.benchmark,11,1.35914
benchmark/imdb/27a.benchmark,12,1.28675
benchmark/imdb/27a.benchmark,13,1.28001
benchmark/imdb/27a.benchmark,14,1.27622
benchmark/imdb/27a.benchmark,15,1.28128
benchmark/imdb/27a.benchmark,16,1.27909
benchmark/imdb/27a.benchmark,17,1.28421
benchmark/imdb/27a.benchmark,18,1.27747
benchmark/imdb/27a.benchmark,19,1.28333
benchmark/imdb/27a.benchmark,20,1.27684
benchmark/imdb/27b.benchmark,1,1.25236
benchmark/imdb/27b.benchmark,2,1.25322
benchmark/imdb/27b.benchmark,3,1.25195
benchmark/imdb/27b.benchmark,4,1.2531
benchmark/imdb/27b.benchmark,5,1.25369
benchmark/imdb/27b.benchmark,6,1.25374
benchmark/imdb/27b.benchmark,7,1.25478
benchmark/imdb/27b.benchmark,8,1.30036
benchmark/imdb/27b.benchmark,9,1.25703
benchmark/imdb/27b.benchmark,10,1.25914
benchmark/imdb/27b.benchmark,11,1.25098
benchmark/imdb/27b.benchmark,12,1.24986
benchmark/imdb/27b.benchmark,13,1.25312
benchmark/imdb/27b.benchmark,14,1.24869
benchmark/imdb/27b.benchmark,15,1.25433
benchmark/imdb/27b.benchmark,16,1.24649
benchmark/imdb/27b.benchmark,17,1.25819
benchmark/imdb/27b.benchmark,18,1.25326
benchmark/imdb/27b.benchmark,19,1.24986
benchmark/imdb/27b.benchmark,20,1.24954
benchmark/imdb/27c.benchmark,1,1.52094
benchmark/imdb/27c.benchmark,2,1.51481
benchmark/imdb/27c.benchmark,3,1.5184
benchmark/imdb/27c.benchmark,4,1.51443
benchmark/imdb/27c.benchmark,5,1.51914
benchmark/imdb/27c.benchmark,6,1.52058
benchmark/imdb/27c.benchmark,7,1.51278
benchmark/imdb/27c.benchmark,8,1.51641
benchmark/imdb/27c.benchmark,9,1.51917
benchmark/imdb/27c.benchmark,10,1.51509
benchmark/imdb/27c.benchmark,11,1.51672
benchmark/imdb/27c.benchmark,12,1.51573
benchmark/imdb/27c.benchmark,13,1.51753
benchmark/imdb/27c.benchmark,14,1.51897
benchmark/imdb/27c.benchmark,15,1.51905
benchmark/imdb/27c.benchmark,16,1.51371
benchmark/imdb/27c.benchmark,17,1.52173
benchmark/imdb/27c.benchmark,18,1.51661
benchmark/imdb/27c.benchmark,19,1.51578
benchmark/imdb/27c.benchmark,20,1.51289
benchmark/imdb/28a.benchmark,1,2.14929
benchmark/imdb/28a.benchmark,2,2.1784
benchmark/imdb/28a.benchmark,3,2.15648
benchmark/imdb/28a.benchmark,4,2.1835
benchmark/imdb/28a.benchmark,5,2.15167
benchmark/imdb/28a.benchmark,6,2.14931
benchmark/imdb/28a.benchmark,7,2.14879
benchmark/imdb/28a.benchmark,8,2.14815
benchmark/imdb/28a.benchmark,9,2.15181
benchmark/imdb/28a.benchmark,10,2.14754
benchmark/imdb/28a.benchmark,11,2.15083
benchmark/imdb/28a.benchmark,12,2.15103
benchmark/imdb/28a.benchmark,13,2.15393
benchmark/imdb/28a.benchmark,14,2.14932
benchmark/imdb/28a.benchmark,15,2.15863
benchmark/imdb/28a.benchmark,16,2.17239
benchmark/imdb/28a.benchmark,17,2.14928
benchmark/imdb/28a.benchmark,18,2.20231
benchmark/imdb/28a.benchmark,19,2.19699
benchmark/imdb/28a.benchmark,20,2.15376
benchmark/imdb/28b.benchmark,1,1.61555
benchmark/imdb/28b.benchmark,2,1.61598
benchmark/imdb/28b.benchmark,3,1.61764
benchmark/imdb/28b.benchmark,4,1.61724
benchmark/imdb/28b.benchmark,5,1.62007
benchmark/imdb/28b.benchmark,6,1.61612
benchmark/imdb/28b.benchmark,7,1.62424
benchmark/imdb/28b.benchmark,8,1.6127
benchmark/imdb/28b.benchmark,9,1.61892
benchmark/imdb/28b.benchmark,10,1.6306
benchmark/imdb/28b.benchmark,11,1.65689
benchmark/imdb/28b.benchmark,12,1.61409
benchmark/imdb/28b.benchmark,13,1.61434
benchmark/imdb/28b.benchmark,14,1.619
benchmark/imdb/28b.benchmark,15,1.62485
benchmark/imdb/28b.benchmark,16,1.6159
benchmark/imdb/28b.benchmark,17,1.61125
benchmark/imdb/28b.benchmark,18,1.62399
benchmark/imdb/28b.benchmark,19,1.62094
benchmark/imdb/28b.benchmark,20,1.6179
benchmark/imdb/28c.benchmark,1,2.25352
benchmark/imdb/28c.benchmark,2,2.2692
benchmark/imdb/28c.benchmark,3,2.25927
benchmark/imdb/28c.benchmark,4,2.24027
benchmark/imdb/28c.benchmark,5,2.23501
benchmark/imdb/28c.benchmark,6,2.24546
benchmark/imdb/28c.benchmark,7,2.24219
benchmark/imdb/28c.benchmark,8,2.24486
benchmark/imdb/28c.benchmark,9,2.24254
benchmark/imdb/28c.benchmark,10,2.25782
benchmark/imdb/28c.benchmark,11,2.26699
benchmark/imdb/28c.benchmark,12,2.23865
benchmark/imdb/28c.benchmark,13,2.26074
benchmark/imdb/28c.benchmark,14,2.31552
benchmark/imdb/28c.benchmark,15,2.24377
benchmark/imdb/28c.benchmark,16,2.23443
benchmark/imdb/28c.benchmark,17,2.23922
benchmark/imdb/28c.benchmark,18,2.24834
benchmark/imdb/28c.benchmark,19,2.23881
benchmark/imdb/28c.benchmark,20,2.24084
benchmark/imdb/29a.benchmark,1,3.3404
benchmark/imdb/29a.benchmark,2,3.41462
benchmark/imdb/29a.benchmark,3,3.30474
benchmark/imdb/29a.benchmark,4,3.34193
benchmark/imdb/29a.benchmark,5,3.32404
benchmark/imdb/29a.benchmark,6,3.36804
benchmark/imdb/29a.benchmark,7,3.40355
benchmark/imdb/29a.benchmark,8,3.32538
benchmark/imdb/29a.benchmark,9,3.34138
benchmark/imdb/29a.benchmark,10,3.35069
benchmark/imdb/29a.benchmark,11,3.32582
benchmark/imdb/29a.benchmark,12,3.34126
benchmark/imdb/29a.benchmark,13,3.32218
benchmark/imdb/29a.benchmark,14,3.35244
benchmark/imdb/29a.benchmark,15,3.4181
benchmark/imdb/29a.benchmark,16,3.42398
benchmark/imdb/29a.benchmark,17,3.34423
benchmark/imdb/29a.benchmark,18,3.33377
benchmark/imdb/29a.benchmark,19,3.32378
benchmark/imdb/29a.benchmark,20,3.31546
benchmark/imdb/29b.benchmark,1,3.14763
benchmark/imdb/29b.benchmark,2,3.11517
benchmark/imdb/29b.benchmark,3,3.11874
benchmark/imdb/29b.benchmark,4,3.10969
benchmark/imdb/29b.benchmark,5,3.11677
benchmark/imdb/29b.benchmark,6,3.1093
benchmark/imdb/29b.benchmark,7,3.11727
benchmark/imdb/29b.benchmark,8,3.12016
benchmark/imdb/29b.benchmark,9,3.10764
benchmark/imdb/29b.benchmark,10,3.11251
benchmark/imdb/29b.benchmark,11,3.11604
benchmark/imdb/29b.benchmark,12,3.20804
benchmark/imdb/29b.benchmark,13,3.12865
benchmark/imdb/29b.benchmark,14,3.1164
benchmark/imdb/29b.benchmark,15,3.11234
benchmark/imdb/29b.benchmark,16,3.13136
benchmark/imdb/29b.benchmark,17,3.11997
benchmark/imdb/29b.benchmark,18,3.20607
benchmark/imdb/29b.benchmark,19,3.11752
benchmark/imdb/29b.benchmark,20,3.20134
benchmark/imdb/29c.benchmark,1,3.63126
benchmark/imdb/29c.benchmark,2,3.64732
benchmark/imdb/29c.benchmark,3,3.69421
benchmark/imdb/29c.benchmark,4,3.65143
benchmark/imdb/29c.benchmark,5,3.60846
benchmark/imdb/29c.benchmark,6,3.65411
benchmark/imdb/29c.benchmark,7,3.62346
benchmark/imdb/29c.benchmark,8,3.62283
benchmark/imdb/29c.benchmark,9,3.63072
benchmark/imdb/29c.benchmark,10,3.62862
benchmark/imdb/29c.benchmark,11,3.6421
benchmark/imdb/29c.benchmark,12,3.70694
benchmark/imdb/29c.benchmark,13,3.68587
benchmark/imdb/29c.benchmark,14,3.65833
benchmark/imdb/29c.benchmark,15,3.61471
benchmark/imdb/29c.benchmark,16,3.62913
benchmark/imdb/29c.benchmark,17,3.61859
benchmark/imdb/29c.benchmark,18,3.60953
benchmark/imdb/29c.benchmark,19,3.6474
benchmark/imdb/29c.benchmark,20,3.6177
benchmark/imdb/30a.benchmark,1,2.79104
benchmark/imdb/30a.benchmark,2,2.76138
benchmark/imdb/30a.benchmark,3,2.77249
benchmark/imdb/30a.benchmark,4,2.7756
benchmark/imdb/30a.benchmark,5,2.78846
benchmark/imdb/30a.benchmark,6,2.78348
benchmark/imdb/30a.benchmark,7,2.76057
benchmark/imdb/30a.benchmark,8,2.75468
benchmark/imdb/30a.benchmark,9,2.75965
benchmark/imdb/30a.benchmark,10,2.76481
benchmark/imdb/30a.benchmark,11,2.76135
benchmark/imdb/30a.benchmark,12,2.75876
benchmark/imdb/30a.benchmark,13,2.76396
benchmark/imdb/30a.benchmark,14,2.84422
benchmark/imdb/30a.benchmark,15,2.76913
benchmark/imdb/30a.benchmark,16,2.83327
benchmark/imdb/30a.benchmark,17,2.77384
benchmark/imdb/30a.benchmark,18,2.76448
benchmark/imdb/30a.benchmark,19,2.75981
benchmark/imdb/30a.benchmark,20,2.76199
benchmark/imdb/30b.benchmark,1,2.81673
benchmark/imdb/30b.benchmark,2,2.78339
benchmark/imdb/30b.benchmark,3,2.84402
benchmark/imdb/30b.benchmark,4,2.76346
benchmark/imdb/30b.benchmark,5,2.77666
benchmark/imdb/30b.benchmark,6,2.76501
benchmark/imdb/30b.benchmark,7,2.77624
benchmark/imdb/30b.benchmark,8,2.77086
benchmark/imdb/30b.benchmark,9,2.7773
benchmark/imdb/30b.benchmark,10,2.77833
benchmark/imdb/30b.benchmark,11,2.76626
benchmark/imdb/30b.benchmark,12,2.79272
benchmark/imdb/30b.benchmark,13,2.77073
benchmark/imdb/30b.benchmark,14,2.86339
benchmark/imdb/30b.benchmark,15,2.77423
benchmark/imdb/30b.benchmark,16,2.84817
benchmark/imdb/30b.benchmark,17,2.76147
benchmark/imdb/30b.benchmark,18,2.77976
benchmark/imdb/30b.benchmark,19,2.77463
benchmark/imdb/30b.benchmark,20,2.77648
benchmark/imdb/30c.benchmark,1,3.5849
benchmark/imdb/30c.benchmark,2,3.56674
benchmark/imdb/30c.benchmark,3,3.60104
benchmark/imdb/30c.benchmark,4,3.5744
benchmark/imdb/30c.benchmark,5,3.59639
benchmark/imdb/30c.benchmark,6,3.651
benchmark/imdb/30c.benchmark,7,3.59892
benchmark/imdb/30c.benchmark,8,3.5634
benchmark/imdb/30c.benchmark,9,3.55899
benchmark/imdb/30c.benchmark,10,3.60803
benchmark/imdb/30c.benchmark,11,3.59131
benchmark/imdb/30c.benchmark,12,3.63955
benchmark/imdb/30c.benchmark,13,3.65593
benchmark/imdb/30c.benchmark,14,3.56645
benchmark/imdb/30c.benchmark,15,3.57798
benchmark/imdb/30c.benchmark,16,3.65532
benchmark/imdb/30c.benchmark,17,3.57254
benchmark/imdb/30c.benchmark,18,3.5674
benchmark/imdb/30c.benchmark,19,3.59781
benchmark/imdb/30c.benchmark,20,3.57182
benchmark/imdb/31a.benchmark,1,2.99498
benchmark/imdb/31a.benchmark,2,2.98192
benchmark/imdb/31a.benchmark,3,2.99705
benchmark/imdb/31a.benchmark,4,3.00037
benchmark/imdb/31a.benchmark,5,2.97153
benchmark/imdb/31a.benchmark,6,3.07065
benchmark/imdb/31a.benchmark,7,2.97812
benchmark/imdb/31a.benchmark,8,3.06138
benchmark/imdb/31a.benchmark,9,2.97635
benchmark/imdb/31a.benchmark,10,2.9842
benchmark/imdb/31a.benchmark,11,2.97739
benchmark/imdb/31a.benchmark,12,3.01272
benchmark/imdb/31a.benchmark,13,3.07622
benchmark/imdb/31a.benchmark,14,2.99417
benchmark/imdb/31a.benchmark,15,2.99487
benchmark/imdb/31a.benchmark,16,2.98615
benchmark/imdb/31a.benchmark,17,2.97627
benchmark/imdb/31a.benchmark,18,3.00083
benchmark/imdb/31a.benchmark,19,2.98765
benchmark/imdb/31a.benchmark,20,3.0591
benchmark/imdb/31b.benchmark,1,3.01903
benchmark/imdb/31b.benchmark,2,3.00214
benchmark/imdb/31b.benchmark,3,3.00231
benchmark/imdb/31b.benchmark,4,2.99529
benchmark/imdb/31b.benchmark,5,3.00535
benchmark/imdb/31b.benchmark,6,3.0021
benchmark/imdb/31b.benchmark,7,3.00419
benchmark/imdb/31b.benchmark,8,3.00662
benchmark/imdb/31b.benchmark,9,3.00706
benchmark/imdb/31b.benchmark,10,2.99997
benchmark/imdb/31b.benchmark,11,3.00778
benchmark/imdb/31b.benchmark,12,2.99565
benchmark/imdb/31b.benchmark,13,2.99493
benchmark/imdb/31b.benchmark,14,3.00687
benchmark/imdb/31b.benchmark,15,3.00878
benchmark/imdb/31b.benchmark,16,2.99656
benchmark/imdb/31b.benchmark,17,2.99252
benchmark/imdb/31b.benchmark,18,3.00354
benchmark/imdb/31b.benchmark,19,3.00562
benchmark/imdb/31b.benchmark,20,2.9912
benchmark/imdb/31c.benchmark,1,3.69477
benchmark/imdb/31c.benchmark,2,3.68567
benchmark/imdb/31c.benchmark,3,3.71469
benchmark/imdb/31c.benchmark,4,3.79653
benchmark/imdb/31c.benchmark,5,3.74733
benchmark/imdb/31c.benchmark,6,3.69602
benchmark/imdb/31c.benchmark,7,3.67026
benchmark/imdb/31c.benchmark,8,3.6831
benchmark/imdb/31c.benchmark,9,3.70725
benchmark/imdb/31c.benchmark,10,3.68326
benchmark/imdb/31c.benchmark,11,3.78646
benchmark/imdb/31c.benchmark,12,3.68602
benchmark/imdb/31c.benchmark,13,3.69326
benchmark/imdb/31c.benchmark,14,3.78329
benchmark/imdb/31c.benchmark,15,3.68627
benchmark/imdb/31c.benchmark,16,3.68341
benchmark/imdb/31c.benchmark,17,3.7231
benchmark/imdb/31c.benchmark,18,3.74763
benchmark/imdb/31c.benchmark,19,3.7086
benchmark/imdb/31c.benchmark,20,3.68914
benchmark/imdb/32a.benchmark,1,0.0406654
benchmark/imdb/32a.benchmark,2,0.040639
benchmark/imdb/32a.benchmark,3,0.0416368
benchmark/imdb/32a.benchmark,4,0.0407202
benchmark/imdb/32a.benchmark,5,0.0406207
benchmark/imdb/32a.benchmark,6,0.040705
benchmark/imdb/32a.benchmark,7,0.0406273
benchmark/imdb/32a.benchmark,8,0.0406131
benchmark/imdb/32a.benchmark,9,0.0406105
benchmark/imdb/32a.benchmark,10,0.0405992
benchmark/imdb/32a.benchmark,11,0.0406161
benchmark/imdb/32a.benchmark,12,0.0406038
benchmark/imdb/32a.benchmark,13,0.0413077
benchmark/imdb/32a.benchmark,14,0.0406476
benchmark/imdb/32a.benchmark,15,0.0407102
benchmark/imdb/32a.benchmark,16,0.0406439
benchmark/imdb/32a.benchmark,17,0.0415977
benchmark/imdb/32a.benchmark,18,0.0404766
benchmark/imdb/32a.benchmark,19,0.0406493
benchmark/imdb/32a.benchmark,20,0.0406447
benchmark/imdb/32b.benchmark,1,0.528397
benchmark/imdb/32b.benchmark,2,0.528256
benchmark/imdb/32b.benchmark,3,0.531785
benchmark/imdb/32b.benchmark,4,0.529913
benchmark/imdb/32b.benchmark,5,0.529385
benchmark/imdb/32b.benchmark,6,0.529319
benchmark/imdb/32b.benchmark,7,0.529084
benchmark/imdb/32b.benchmark,8,0.52645
benchmark/imdb/32b.benchmark,9,0.528972
benchmark/imdb/32b.benchmark,10,0.530039
benchmark/imdb/32b.benchmark,11,0.529033
benchmark/imdb/32b.benchmark,12,0.529541
benchmark/imdb/32b.benchmark,13,0.52961
benchmark/imdb/32b.benchmark,14,0.529991
benchmark/imdb/32b.benchmark,15,0.530326
benchmark/imdb/32b.benchmark,16,0.530717
benchmark/imdb/32b.benchmark,17,0.527053
benchmark/imdb/32b.benchmark,18,0.529922
benchmark/imdb/32b.benchmark,19,0.529477
benchmark/imdb/32b.benchmark,20,0.53133
benchmark/imdb/33a.benchmark,1,0.752897
benchmark/imdb/33a.benchmark,2,0.755009
benchmark/imdb/33a.benchmark,3,0.753536
benchmark/imdb/33a.benchmark,4,0.753533
benchmark/imdb/33a.benchmark,5,0.758108
benchmark/imdb/33a.benchmark,6,0.753027
benchmark/imdb/33a.benchmark,7,0.753962
benchmark/imdb/33a.benchmark,8,0.754754
benchmark/imdb/33a.benchmark,9,0.75579
benchmark/imdb/33a.benchmark,10,0.755482
benchmark/imdb/33a.benchmark,11,0.753792
benchmark/imdb/33a.benchmark,12,0.75551
benchmark/imdb/33a.benchmark,13,0.754143
benchmark/imdb/33a.benchmark,14,0.754439
benchmark/imdb/33a.benchmark,15,0.757806
benchmark/imdb/33a.benchmark,16,0.757433
benchmark/imdb/33a.benchmark,17,0.754195
benchmark/imdb/33a.benchmark,18,0.756103
benchmark/imdb/33a.benchmark,19,0.753324
benchmark/imdb/33a.benchmark,20,0.754846
benchmark/imdb/33b.benchmark,1,0.721605
benchmark/imdb/33b.benchmark,2,0.720693
benchmark/imdb/33b.benchmark,3,0.719672
benchmark/imdb/33b.benchmark,4,0.721146
benchmark/imdb/33b.benchmark,5,0.721232
benchmark/imdb/33b.benchmark,6,0.721281
benchmark/imdb/33b.benchmark,7,0.722285
benchmark/imdb/33b.benchmark,8,0.723325
benchmark/imdb/33b.benchmark,9,0.723911
benchmark/imdb/33b.benchmark,10,0.724473
benchmark/imdb/33b.benchmark,11,0.722465
benchmark/imdb/33b.benchmark,12,0.720265
benchmark/imdb/33b.benchmark,13,0.72311
benchmark/imdb/33b.benchmark,14,0.721516
benchmark/imdb/33b.benchmark,15,0.72294
benchmark/imdb/33b.benchmark,16,0.721073
benchmark/imdb/33b.benchmark,17,0.71997
benchmark/imdb/33b.benchmark,18,0.721534
benchmark/imdb/33b.benchmark,19,0.723509
benchmark/imdb/33b.benchmark,20,0.724943
benchmark/imdb/33c.benchmark,1,0.772148
benchmark/imdb/33c.benchmark,2,0.772242
benchmark/imdb/33c.benchmark,3,0.773609
benchmark/imdb/33c.benchmark,4,0.773886
benchmark/imdb/33c.benchmark,5,0.775996
benchmark/imdb/33c.benchmark,6,0.772099
benchmark/imdb/33c.benchmark,7,0.773938
benchmark/imdb/33c.benchmark,8,0.773235
benchmark/imdb/33c.benchmark,9,0.775899
benchmark/imdb/33c.benchmark,10,0.775271
benchmark/imdb/33c.benchmark,11,0.780458
benchmark/imdb/33c.benchmark,12,0.779754
benchmark/imdb/33c.benchmark,13,0.775108
benchmark/imdb/33c.benchmark,14,0.773056
benchmark/imdb/33c.benchmark,15,0.776302
benchmark/imdb/33c.benchmark,16,0.77132
benchmark/imdb/33c.benchmark,17,0.773797
benchmark/imdb/33c.benchmark,18,0.774154
benchmark/imdb/33c.benchmark,19,0.778459
benchmark/imdb/33c.benchmark,20,0.773794
