benchmark/imdb/01a.benchmark,1,0.457977
benchmark/imdb/01a.benchmark,2,0.458207
benchmark/imdb/01a.benchmark,3,0.45826
benchmark/imdb/01a.benchmark,4,0.460655
benchmark/imdb/01a.benchmark,5,0.458471
benchmark/imdb/01a.benchmark,6,0.458912
benchmark/imdb/01a.benchmark,7,0.458063
benchmark/imdb/01a.benchmark,8,0.458222
benchmark/imdb/01a.benchmark,9,0.458886
benchmark/imdb/01a.benchmark,10,0.457817
benchmark/imdb/01a.benchmark,11,0.458457
benchmark/imdb/01a.benchmark,12,0.458002
benchmark/imdb/01a.benchmark,13,0.458635
benchmark/imdb/01a.benchmark,14,0.458267
benchmark/imdb/01a.benchmark,15,0.45858
benchmark/imdb/01a.benchmark,16,0.458605
benchmark/imdb/01a.benchmark,17,0.45878
benchmark/imdb/01a.benchmark,18,0.458578
benchmark/imdb/01a.benchmark,19,0.458343
benchmark/imdb/01a.benchmark,20,0.45876
benchmark/imdb/01b.benchmark,1,0.38233
benchmark/imdb/01b.benchmark,2,0.381598
benchmark/imdb/01b.benchmark,3,0.381341
benchmark/imdb/01b.benchmark,4,0.381415
benchmark/imdb/01b.benchmark,5,0.381941
benchmark/imdb/01b.benchmark,6,0.380808
benchmark/imdb/01b.benchmark,7,0.381775
benchmark/imdb/01b.benchmark,8,0.382035
benchmark/imdb/01b.benchmark,9,0.381952
benchmark/imdb/01b.benchmark,10,0.381461
benchmark/imdb/01b.benchmark,11,0.381969
benchmark/imdb/01b.benchmark,12,0.381908
benchmark/imdb/01b.benchmark,13,0.380889
benchmark/imdb/01b.benchmark,14,0.381041
benchmark/imdb/01b.benchmark,15,0.381227
benchmark/imdb/01b.benchmark,16,0.380978
benchmark/imdb/01b.benchmark,17,0.381562
benchmark/imdb/01b.benchmark,18,0.381532
benchmark/imdb/01b.benchmark,19,0.381699
benchmark/imdb/01b.benchmark,20,0.381198
benchmark/imdb/01c.benchmark,1,0.376145
benchmark/imdb/01c.benchmark,2,0.376395
benchmark/imdb/01c.benchmark,3,0.376222
benchmark/imdb/01c.benchmark,4,0.376021
benchmark/imdb/01c.benchmark,5,0.376627
benchmark/imdb/01c.benchmark,6,0.376287
benchmark/imdb/01c.benchmark,7,0.376641
benchmark/imdb/01c.benchmark,8,0.37611
benchmark/imdb/01c.benchmark,9,0.376921
benchmark/imdb/01c.benchmark,10,0.376425
benchmark/imdb/01c.benchmark,11,0.376354
benchmark/imdb/01c.benchmark,12,0.376445
benchmark/imdb/01c.benchmark,13,0.377185
benchmark/imdb/01c.benchmark,14,0.376713
benchmark/imdb/01c.benchmark,15,0.37592
benchmark/imdb/01c.benchmark,16,0.376708
benchmark/imdb/01c.benchmark,17,0.376444
benchmark/imdb/01c.benchmark,18,0.376746
benchmark/imdb/01c.benchmark,19,0.376061
benchmark/imdb/01c.benchmark,20,0.376027
benchmark/imdb/01d.benchmark,1,0.376941
benchmark/imdb/01d.benchmark,2,0.376845
benchmark/imdb/01d.benchmark,3,0.376764
benchmark/imdb/01d.benchmark,4,0.376927
benchmark/imdb/01d.benchmark,5,0.376747
benchmark/imdb/01d.benchmark,6,0.376737
benchmark/imdb/01d.benchmark,7,0.376479
benchmark/imdb/01d.benchmark,8,0.376856
benchmark/imdb/01d.benchmark,9,0.3769
benchmark/imdb/01d.benchmark,10,0.37666
benchmark/imdb/01d.benchmark,11,0.376924
benchmark/imdb/01d.benchmark,12,0.376571
benchmark/imdb/01d.benchmark,13,0.377161
benchmark/imdb/01d.benchmark,14,0.376671
benchmark/imdb/01d.benchmark,15,0.377863
benchmark/imdb/01d.benchmark,16,0.376707
benchmark/imdb/01d.benchmark,17,0.376754
benchmark/imdb/01d.benchmark,18,0.376585
benchmark/imdb/01d.benchmark,19,0.377081
benchmark/imdb/01d.benchmark,20,0.377232
benchmark/imdb/02a.benchmark,1,0.390939
benchmark/imdb/02a.benchmark,2,0.391211
benchmark/imdb/02a.benchmark,3,0.393844
benchmark/imdb/02a.benchmark,4,0.401064
benchmark/imdb/02a.benchmark,5,0.38954
benchmark/imdb/02a.benchmark,6,0.389996
benchmark/imdb/02a.benchmark,7,0.389933
benchmark/imdb/02a.benchmark,8,0.391166
benchmark/imdb/02a.benchmark,9,0.389016
benchmark/imdb/02a.benchmark,10,0.390319
benchmark/imdb/02a.benchmark,11,0.389075
benchmark/imdb/02a.benchmark,12,0.390166
benchmark/imdb/02a.benchmark,13,0.392671
benchmark/imdb/02a.benchmark,14,0.389842
benchmark/imdb/02a.benchmark,15,0.389495
benchmark/imdb/02a.benchmark,16,0.389044
benchmark/imdb/02a.benchmark,17,0.391152
benchmark/imdb/02a.benchmark,18,0.390802
benchmark/imdb/02a.benchmark,19,0.390792
benchmark/imdb/02a.benchmark,20,0.389971
benchmark/imdb/02b.benchmark,1,0.371848
benchmark/imdb/02b.benchmark,2,0.371922
benchmark/imdb/02b.benchmark,3,0.372493
benchmark/imdb/02b.benchmark,4,0.373342
benchmark/imdb/02b.benchmark,5,0.372049
benchmark/imdb/02b.benchmark,6,0.37344
benchmark/imdb/02b.benchmark,7,0.372987
benchmark/imdb/02b.benchmark,8,0.371217
benchmark/imdb/02b.benchmark,9,0.373124
benchmark/imdb/02b.benchmark,10,0.371336
benchmark/imdb/02b.benchmark,11,0.373658
benchmark/imdb/02b.benchmark,12,0.372388
benchmark/imdb/02b.benchmark,13,0.373611
benchmark/imdb/02b.benchmark,14,0.372473
benchmark/imdb/02b.benchmark,15,0.372462
benchmark/imdb/02b.benchmark,16,0.370927
benchmark/imdb/02b.benchmark,17,0.372592
benchmark/imdb/02b.benchmark,18,0.372274
benchmark/imdb/02b.benchmark,19,0.37128
benchmark/imdb/02b.benchmark,20,0.370375
benchmark/imdb/02c.benchmark,1,0.100732
benchmark/imdb/02c.benchmark,2,0.100741
benchmark/imdb/02c.benchmark,3,0.100965
benchmark/imdb/02c.benchmark,4,0.100777
benchmark/imdb/02c.benchmark,5,0.100893
benchmark/imdb/02c.benchmark,6,0.100677
benchmark/imdb/02c.benchmark,7,0.101315
benchmark/imdb/02c.benchmark,8,0.101705
benchmark/imdb/02c.benchmark,9,0.10074
benchmark/imdb/02c.benchmark,10,0.103019
benchmark/imdb/02c.benchmark,11,0.102573
benchmark/imdb/02c.benchmark,12,0.10297
benchmark/imdb/02c.benchmark,13,0.104112
benchmark/imdb/02c.benchmark,14,0.100802
benchmark/imdb/02c.benchmark,15,0.102372
benchmark/imdb/02c.benchmark,16,0.101285
benchmark/imdb/02c.benchmark,17,0.100958
benchmark/imdb/02c.benchmark,18,0.103745
benchmark/imdb/02c.benchmark,19,0.102791
benchmark/imdb/02c.benchmark,20,0.102433
benchmark/imdb/02d.benchmark,1,0.495266
benchmark/imdb/02d.benchmark,2,0.488051
benchmark/imdb/02d.benchmark,3,0.497002
benchmark/imdb/02d.benchmark,4,0.48729
benchmark/imdb/02d.benchmark,5,0.484318
benchmark/imdb/02d.benchmark,6,0.500829
benchmark/imdb/02d.benchmark,7,0.501965
benchmark/imdb/02d.benchmark,8,0.498489
benchmark/imdb/02d.benchmark,9,0.49703
benchmark/imdb/02d.benchmark,10,0.499029
benchmark/imdb/02d.benchmark,11,0.507294
benchmark/imdb/02d.benchmark,12,0.492084
benchmark/imdb/02d.benchmark,13,0.492959
benchmark/imdb/02d.benchmark,14,0.494481
benchmark/imdb/02d.benchmark,15,0.493118
benchmark/imdb/02d.benchmark,16,0.49232
benchmark/imdb/02d.benchmark,17,0.495188
benchmark/imdb/02d.benchmark,18,0.492152
benchmark/imdb/02d.benchmark,19,0.489008
benchmark/imdb/02d.benchmark,20,0.489567
benchmark/imdb/03a.benchmark,1,1.44115
benchmark/imdb/03a.benchmark,2,1.33891
benchmark/imdb/03a.benchmark,3,1.35895
benchmark/imdb/03a.benchmark,4,1.40004
benchmark/imdb/03a.benchmark,5,1.3337
benchmark/imdb/03a.benchmark,6,1.38263
benchmark/imdb/03a.benchmark,7,1.34216
benchmark/imdb/03a.benchmark,8,1.33445
benchmark/imdb/03a.benchmark,9,1.34475
benchmark/imdb/03a.benchmark,10,1.33341
benchmark/imdb/03a.benchmark,11,1.33819
benchmark/imdb/03a.benchmark,12,1.42799
benchmark/imdb/03a.benchmark,13,1.33537
benchmark/imdb/03a.benchmark,14,1.3343
benchmark/imdb/03a.benchmark,15,1.33819
benchmark/imdb/03a.benchmark,16,1.34296
benchmark/imdb/03a.benchmark,17,1.42967
benchmark/imdb/03a.benchmark,18,1.33442
benchmark/imdb/03a.benchmark,19,1.34062
benchmark/imdb/03a.benchmark,20,1.38086
benchmark/imdb/03b.benchmark,1,0.85115
benchmark/imdb/03b.benchmark,2,0.849727
benchmark/imdb/03b.benchmark,3,0.847494
benchmark/imdb/03b.benchmark,4,0.848517
benchmark/imdb/03b.benchmark,5,0.850125
benchmark/imdb/03b.benchmark,6,0.850122
benchmark/imdb/03b.benchmark,7,0.854178
benchmark/imdb/03b.benchmark,8,0.852509
benchmark/imdb/03b.benchmark,9,0.850018
benchmark/imdb/03b.benchmark,10,0.853195
benchmark/imdb/03b.benchmark,11,0.849251
benchmark/imdb/03b.benchmark,12,0.851301
benchmark/imdb/03b.benchmark,13,0.847848
benchmark/imdb/03b.benchmark,14,0.853865
benchmark/imdb/03b.benchmark,15,0.848605
benchmark/imdb/03b.benchmark,16,0.849262
benchmark/imdb/03b.benchmark,17,0.85232
benchmark/imdb/03b.benchmark,18,0.85164
benchmark/imdb/03b.benchmark,19,0.850697
benchmark/imdb/03b.benchmark,20,0.851493
benchmark/imdb/03c.benchmark,1,1.4388
benchmark/imdb/03c.benchmark,2,1.43612
benchmark/imdb/03c.benchmark,3,1.43734
benchmark/imdb/03c.benchmark,4,1.435
benchmark/imdb/03c.benchmark,5,1.43905
benchmark/imdb/03c.benchmark,6,1.44306
benchmark/imdb/03c.benchmark,7,1.43366
benchmark/imdb/03c.benchmark,8,1.43711
benchmark/imdb/03c.benchmark,9,1.43523
benchmark/imdb/03c.benchmark,10,1.43061
benchmark/imdb/03c.benchmark,11,1.43632
benchmark/imdb/03c.benchmark,12,1.43842
benchmark/imdb/03c.benchmark,13,1.43781
benchmark/imdb/03c.benchmark,14,1.43752
benchmark/imdb/03c.benchmark,15,1.43058
benchmark/imdb/03c.benchmark,16,1.43623
benchmark/imdb/03c.benchmark,17,1.43878
benchmark/imdb/03c.benchmark,18,1.436
benchmark/imdb/03c.benchmark,19,1.4377
benchmark/imdb/03c.benchmark,20,1.44715
benchmark/imdb/04a.benchmark,1,0.744696
benchmark/imdb/04a.benchmark,2,0.767131
benchmark/imdb/04a.benchmark,3,0.744762
benchmark/imdb/04a.benchmark,4,0.798024
benchmark/imdb/04a.benchmark,5,0.745302
benchmark/imdb/04a.benchmark,6,0.743777
benchmark/imdb/04a.benchmark,7,0.743837
benchmark/imdb/04a.benchmark,8,0.745941
benchmark/imdb/04a.benchmark,9,0.748143
benchmark/imdb/04a.benchmark,10,0.746039
benchmark/imdb/04a.benchmark,11,0.74976
benchmark/imdb/04a.benchmark,12,0.754782
benchmark/imdb/04a.benchmark,13,0.74382
benchmark/imdb/04a.benchmark,14,0.748434
benchmark/imdb/04a.benchmark,15,0.746141
benchmark/imdb/04a.benchmark,16,0.74584
benchmark/imdb/04a.benchmark,17,0.745839
benchmark/imdb/04a.benchmark,18,0.743415
benchmark/imdb/04a.benchmark,19,0.772967
benchmark/imdb/04a.benchmark,20,0.744529
benchmark/imdb/04b.benchmark,1,0.348019
benchmark/imdb/04b.benchmark,2,0.348073
benchmark/imdb/04b.benchmark,3,0.34767
benchmark/imdb/04b.benchmark,4,0.348545
benchmark/imdb/04b.benchmark,5,0.348222
benchmark/imdb/04b.benchmark,6,0.34788
benchmark/imdb/04b.benchmark,7,0.348328
benchmark/imdb/04b.benchmark,8,0.34857
benchmark/imdb/04b.benchmark,9,0.348645
benchmark/imdb/04b.benchmark,10,0.348059
benchmark/imdb/04b.benchmark,11,0.347741
benchmark/imdb/04b.benchmark,12,0.348012
benchmark/imdb/04b.benchmark,13,0.349167
benchmark/imdb/04b.benchmark,14,0.348177
benchmark/imdb/04b.benchmark,15,0.347658
benchmark/imdb/04b.benchmark,16,0.347865
benchmark/imdb/04b.benchmark,17,0.347819
benchmark/imdb/04b.benchmark,18,0.348909
benchmark/imdb/04b.benchmark,19,0.347553
benchmark/imdb/04b.benchmark,20,0.348347
benchmark/imdb/04c.benchmark,1,1.01866
benchmark/imdb/04c.benchmark,2,1.01565
benchmark/imdb/04c.benchmark,3,1.01603
benchmark/imdb/04c.benchmark,4,1.01508
benchmark/imdb/04c.benchmark,5,1.01465
benchmark/imdb/04c.benchmark,6,1.02209
benchmark/imdb/04c.benchmark,7,1.02684
benchmark/imdb/04c.benchmark,8,1.01613
benchmark/imdb/04c.benchmark,9,1.01582
benchmark/imdb/04c.benchmark,10,1.02878
benchmark/imdb/04c.benchmark,11,1.01481
benchmark/imdb/04c.benchmark,12,1.01637
benchmark/imdb/04c.benchmark,13,1.02309
benchmark/imdb/04c.benchmark,14,1.01702
benchmark/imdb/04c.benchmark,15,1.01679
benchmark/imdb/04c.benchmark,16,1.03699
benchmark/imdb/04c.benchmark,17,1.02558
benchmark/imdb/04c.benchmark,18,1.03118
benchmark/imdb/04c.benchmark,19,1.02218
benchmark/imdb/04c.benchmark,20,1.03497
benchmark/imdb/05a.benchmark,1,0.428638
benchmark/imdb/05a.benchmark,2,0.428901
benchmark/imdb/05a.benchmark,3,0.428886
benchmark/imdb/05a.benchmark,4,0.429042
benchmark/imdb/05a.benchmark,5,0.429307
benchmark/imdb/05a.benchmark,6,0.429319
benchmark/imdb/05a.benchmark,7,0.428604
benchmark/imdb/05a.benchmark,8,0.429039
benchmark/imdb/05a.benchmark,9,0.428435
benchmark/imdb/05a.benchmark,10,0.428384
benchmark/imdb/05a.benchmark,11,0.429055
benchmark/imdb/05a.benchmark,12,0.428844
benchmark/imdb/05a.benchmark,13,0.429334
benchmark/imdb/05a.benchmark,14,0.42905
benchmark/imdb/05a.benchmark,15,0.429341
benchmark/imdb/05a.benchmark,16,0.429118
benchmark/imdb/05a.benchmark,17,0.428688
benchmark/imdb/05a.benchmark,18,0.429836
benchmark/imdb/05a.benchmark,19,0.42937
benchmark/imdb/05a.benchmark,20,0.428795
benchmark/imdb/05b.benchmark,1,0.393226
benchmark/imdb/05b.benchmark,2,0.393146
benchmark/imdb/05b.benchmark,3,0.393302
benchmark/imdb/05b.benchmark,4,0.393612
benchmark/imdb/05b.benchmark,5,0.392882
benchmark/imdb/05b.benchmark,6,0.392673
benchmark/imdb/05b.benchmark,7,0.393643
benchmark/imdb/05b.benchmark,8,0.392763
benchmark/imdb/05b.benchmark,9,0.3988
benchmark/imdb/05b.benchmark,10,0.392478
benchmark/imdb/05b.benchmark,11,0.393128
benchmark/imdb/05b.benchmark,12,0.393032
benchmark/imdb/05b.benchmark,13,0.393311
benchmark/imdb/05b.benchmark,14,0.398275
benchmark/imdb/05b.benchmark,15,0.392982
benchmark/imdb/05b.benchmark,16,0.393041
benchmark/imdb/05b.benchmark,17,0.393003
benchmark/imdb/05b.benchmark,18,0.39308
benchmark/imdb/05b.benchmark,19,0.393319
benchmark/imdb/05b.benchmark,20,0.392776
benchmark/imdb/05c.benchmark,1,1.54673
benchmark/imdb/05c.benchmark,2,1.54427
benchmark/imdb/05c.benchmark,3,1.54973
benchmark/imdb/05c.benchmark,4,1.548
benchmark/imdb/05c.benchmark,5,1.54307
benchmark/imdb/05c.benchmark,6,1.5516
benchmark/imdb/05c.benchmark,7,1.6407
benchmark/imdb/05c.benchmark,8,1.55306
benchmark/imdb/05c.benchmark,9,1.63863
benchmark/imdb/05c.benchmark,10,1.61512
benchmark/imdb/05c.benchmark,11,1.54581
benchmark/imdb/05c.benchmark,12,1.5471
benchmark/imdb/05c.benchmark,13,1.55262
benchmark/imdb/05c.benchmark,14,1.64417
benchmark/imdb/05c.benchmark,15,1.55023
benchmark/imdb/05c.benchmark,16,1.54622
benchmark/imdb/05c.benchmark,17,1.54953
benchmark/imdb/05c.benchmark,18,1.54413
benchmark/imdb/05c.benchmark,19,1.54461
benchmark/imdb/05c.benchmark,20,1.54697
benchmark/imdb/06a.benchmark,1,1.03486
benchmark/imdb/06a.benchmark,2,1.03079
benchmark/imdb/06a.benchmark,3,1.03098
benchmark/imdb/06a.benchmark,4,1.03444
benchmark/imdb/06a.benchmark,5,1.03369
benchmark/imdb/06a.benchmark,6,1.03329
benchmark/imdb/06a.benchmark,7,1.03372
benchmark/imdb/06a.benchmark,8,1.03563
benchmark/imdb/06a.benchmark,9,1.03505
benchmark/imdb/06a.benchmark,10,1.0329
benchmark/imdb/06a.benchmark,11,1.03283
benchmark/imdb/06a.benchmark,12,1.03327
benchmark/imdb/06a.benchmark,13,1.03686
benchmark/imdb/06a.benchmark,14,1.03144
benchmark/imdb/06a.benchmark,15,1.0309
benchmark/imdb/06a.benchmark,16,1.03299
benchmark/imdb/06a.benchmark,17,1.0295
benchmark/imdb/06a.benchmark,18,1.03084
benchmark/imdb/06a.benchmark,19,1.03081
benchmark/imdb/06a.benchmark,20,1.03066
benchmark/imdb/06b.benchmark,1,0.909626
benchmark/imdb/06b.benchmark,2,0.911625
benchmark/imdb/06b.benchmark,3,0.910977
benchmark/imdb/06b.benchmark,4,0.911506
benchmark/imdb/06b.benchmark,5,0.913122
benchmark/imdb/06b.benchmark,6,0.911697
benchmark/imdb/06b.benchmark,7,0.910872
benchmark/imdb/06b.benchmark,8,0.911599
benchmark/imdb/06b.benchmark,9,0.910181
benchmark/imdb/06b.benchmark,10,0.908851
benchmark/imdb/06b.benchmark,11,0.909956
benchmark/imdb/06b.benchmark,12,0.911075
benchmark/imdb/06b.benchmark,13,0.910796
benchmark/imdb/06b.benchmark,14,0.908962
benchmark/imdb/06b.benchmark,15,0.911097
benchmark/imdb/06b.benchmark,16,0.911443
benchmark/imdb/06b.benchmark,17,0.91127
benchmark/imdb/06b.benchmark,18,0.912325
benchmark/imdb/06b.benchmark,19,0.912612
benchmark/imdb/06b.benchmark,20,0.910814
benchmark/imdb/06c.benchmark,1,0.861137
benchmark/imdb/06c.benchmark,2,0.860586
benchmark/imdb/06c.benchmark,3,0.861767
benchmark/imdb/06c.benchmark,4,0.860597
benchmark/imdb/06c.benchmark,5,0.859746
benchmark/imdb/06c.benchmark,6,0.868148
benchmark/imdb/06c.benchmark,7,0.863726
benchmark/imdb/06c.benchmark,8,0.862871
benchmark/imdb/06c.benchmark,9,0.866475
benchmark/imdb/06c.benchmark,10,0.863974
benchmark/imdb/06c.benchmark,11,0.862796
benchmark/imdb/06c.benchmark,12,0.862564
benchmark/imdb/06c.benchmark,13,0.862941
benchmark/imdb/06c.benchmark,14,0.861322
benchmark/imdb/06c.benchmark,15,0.862082
benchmark/imdb/06c.benchmark,16,0.862174
benchmark/imdb/06c.benchmark,17,0.867516
benchmark/imdb/06c.benchmark,18,0.860585
benchmark/imdb/06c.benchmark,19,0.864004
benchmark/imdb/06c.benchmark,20,0.860384
benchmark/imdb/06d.benchmark,1,1.06413
benchmark/imdb/06d.benchmark,2,1.0651
benchmark/imdb/06d.benchmark,3,1.06454
benchmark/imdb/06d.benchmark,4,1.06358
benchmark/imdb/06d.benchmark,5,1.06325
benchmark/imdb/06d.benchmark,6,1.06249
benchmark/imdb/06d.benchmark,7,1.07175
benchmark/imdb/06d.benchmark,8,1.15163
benchmark/imdb/06d.benchmark,9,1.06397
benchmark/imdb/06d.benchmark,10,1.06538
benchmark/imdb/06d.benchmark,11,1.06479
benchmark/imdb/06d.benchmark,12,1.06562
benchmark/imdb/06d.benchmark,13,1.06606
benchmark/imdb/06d.benchmark,14,1.06315
benchmark/imdb/06d.benchmark,15,1.06173
benchmark/imdb/06d.benchmark,16,1.0626
benchmark/imdb/06d.benchmark,17,1.06386
benchmark/imdb/06d.benchmark,18,1.0615
benchmark/imdb/06d.benchmark,19,1.06347
benchmark/imdb/06d.benchmark,20,1.06319
benchmark/imdb/06e.benchmark,1,1.04313
benchmark/imdb/06e.benchmark,2,1.04312
benchmark/imdb/06e.benchmark,3,1.04329
benchmark/imdb/06e.benchmark,4,1.04283
benchmark/imdb/06e.benchmark,5,1.04391
benchmark/imdb/06e.benchmark,6,1.04229
benchmark/imdb/06e.benchmark,7,1.04305
benchmark/imdb/06e.benchmark,8,1.0502
benchmark/imdb/06e.benchmark,9,1.12064
benchmark/imdb/06e.benchmark,10,1.04406
benchmark/imdb/06e.benchmark,11,1.04511
benchmark/imdb/06e.benchmark,12,1.04237
benchmark/imdb/06e.benchmark,13,1.04203
benchmark/imdb/06e.benchmark,14,1.04206
benchmark/imdb/06e.benchmark,15,1.04369
benchmark/imdb/06e.benchmark,16,1.04327
benchmark/imdb/06e.benchmark,17,1.04395
benchmark/imdb/06e.benchmark,18,1.04065
benchmark/imdb/06e.benchmark,19,1.04217
benchmark/imdb/06e.benchmark,20,1.04225
benchmark/imdb/06f.benchmark,1,3.77702
benchmark/imdb/06f.benchmark,2,3.78171
benchmark/imdb/06f.benchmark,3,3.84976
benchmark/imdb/06f.benchmark,4,3.83773
benchmark/imdb/06f.benchmark,5,3.85501
benchmark/imdb/06f.benchmark,6,3.77191
benchmark/imdb/06f.benchmark,7,3.80513
benchmark/imdb/06f.benchmark,8,3.80087
benchmark/imdb/06f.benchmark,9,3.80509
benchmark/imdb/06f.benchmark,10,3.85745
benchmark/imdb/06f.benchmark,11,3.84765
benchmark/imdb/06f.benchmark,12,3.76324
benchmark/imdb/06f.benchmark,13,3.77879
benchmark/imdb/06f.benchmark,14,3.81087
benchmark/imdb/06f.benchmark,15,3.83235
benchmark/imdb/06f.benchmark,16,3.7992
benchmark/imdb/06f.benchmark,17,3.86499
benchmark/imdb/06f.benchmark,18,3.87541
benchmark/imdb/06f.benchmark,19,3.77365
benchmark/imdb/06f.benchmark,20,3.76652
benchmark/imdb/07a.benchmark,1,1.0148
benchmark/imdb/07a.benchmark,2,1.01642
benchmark/imdb/07a.benchmark,3,1.01551
benchmark/imdb/07a.benchmark,4,1.01702
benchmark/imdb/07a.benchmark,5,1.01919
benchmark/imdb/07a.benchmark,6,1.01687
benchmark/imdb/07a.benchmark,7,1.02421
benchmark/imdb/07a.benchmark,8,1.01498
benchmark/imdb/07a.benchmark,9,1.01657
benchmark/imdb/07a.benchmark,10,1.02646
benchmark/imdb/07a.benchmark,11,1.0176
benchmark/imdb/07a.benchmark,12,1.01716
benchmark/imdb/07a.benchmark,13,1.02561
benchmark/imdb/07a.benchmark,14,1.0172
benchmark/imdb/07a.benchmark,15,1.0235
benchmark/imdb/07a.benchmark,16,1.01873
benchmark/imdb/07a.benchmark,17,1.01791
benchmark/imdb/07a.benchmark,18,1.02234
benchmark/imdb/07a.benchmark,19,1.02567
benchmark/imdb/07a.benchmark,20,1.01879
benchmark/imdb/07b.benchmark,1,0.869084
benchmark/imdb/07b.benchmark,2,0.87782
benchmark/imdb/07b.benchmark,3,0.872017
benchmark/imdb/07b.benchmark,4,0.873854
benchmark/imdb/07b.benchmark,5,0.877319
benchmark/imdb/07b.benchmark,6,0.871715
benchmark/imdb/07b.benchmark,7,0.878855
benchmark/imdb/07b.benchmark,8,0.876266
benchmark/imdb/07b.benchmark,9,0.877006
benchmark/imdb/07b.benchmark,10,0.877284
benchmark/imdb/07b.benchmark,11,0.868319
benchmark/imdb/07b.benchmark,12,0.873664
benchmark/imdb/07b.benchmark,13,0.870359
benchmark/imdb/07b.benchmark,14,0.869558
benchmark/imdb/07b.benchmark,15,0.878509
benchmark/imdb/07b.benchmark,16,0.876486
benchmark/imdb/07b.benchmark,17,0.878342
benchmark/imdb/07b.benchmark,18,0.872129
benchmark/imdb/07b.benchmark,19,0.880972
benchmark/imdb/07b.benchmark,20,0.881448
benchmark/imdb/07c.benchmark,1,3.27441
benchmark/imdb/07c.benchmark,2,3.24571
benchmark/imdb/07c.benchmark,3,3.28496
benchmark/imdb/07c.benchmark,4,3.2956
benchmark/imdb/07c.benchmark,5,3.24103
benchmark/imdb/07c.benchmark,6,3.24157
benchmark/imdb/07c.benchmark,7,3.27063
benchmark/imdb/07c.benchmark,8,3.32155
benchmark/imdb/07c.benchmark,9,3.24214
benchmark/imdb/07c.benchmark,10,3.24713
benchmark/imdb/07c.benchmark,11,3.25253
benchmark/imdb/07c.benchmark,12,3.32619
benchmark/imdb/07c.benchmark,13,3.24825
benchmark/imdb/07c.benchmark,14,3.24916
benchmark/imdb/07c.benchmark,15,3.24546
benchmark/imdb/07c.benchmark,16,3.24527
benchmark/imdb/07c.benchmark,17,3.25261
benchmark/imdb/07c.benchmark,18,3.25136
benchmark/imdb/07c.benchmark,19,3.24352
benchmark/imdb/07c.benchmark,20,3.26314
benchmark/imdb/08a.benchmark,1,1.8462
benchmark/imdb/08a.benchmark,2,1.84478
benchmark/imdb/08a.benchmark,3,1.84614
benchmark/imdb/08a.benchmark,4,1.84613
benchmark/imdb/08a.benchmark,5,1.84557
benchmark/imdb/08a.benchmark,6,1.84361
benchmark/imdb/08a.benchmark,7,1.84462
benchmark/imdb/08a.benchmark,8,1.84488
benchmark/imdb/08a.benchmark,9,1.84568
benchmark/imdb/08a.benchmark,10,1.84646
benchmark/imdb/08a.benchmark,11,1.84531
benchmark/imdb/08a.benchmark,12,1.84611
benchmark/imdb/08a.benchmark,13,1.85137
benchmark/imdb/08a.benchmark,14,1.84779
benchmark/imdb/08a.benchmark,15,1.84432
benchmark/imdb/08a.benchmark,16,1.84435
benchmark/imdb/08a.benchmark,17,1.84608
benchmark/imdb/08a.benchmark,18,1.84617
benchmark/imdb/08a.benchmark,19,1.84397
benchmark/imdb/08a.benchmark,20,1.84566
benchmark/imdb/08b.benchmark,1,1.86468
benchmark/imdb/08b.benchmark,2,1.86456
benchmark/imdb/08b.benchmark,3,1.864
benchmark/imdb/08b.benchmark,4,1.86409
benchmark/imdb/08b.benchmark,5,1.86338
benchmark/imdb/08b.benchmark,6,1.8656
benchmark/imdb/08b.benchmark,7,1.86596
benchmark/imdb/08b.benchmark,8,1.86604
benchmark/imdb/08b.benchmark,9,1.86791
benchmark/imdb/08b.benchmark,10,1.86401
benchmark/imdb/08b.benchmark,11,1.86574
benchmark/imdb/08b.benchmark,12,1.86545
benchmark/imdb/08b.benchmark,13,1.86673
benchmark/imdb/08b.benchmark,14,1.86579
benchmark/imdb/08b.benchmark,15,1.86479
benchmark/imdb/08b.benchmark,16,1.89429
benchmark/imdb/08b.benchmark,17,1.91397
benchmark/imdb/08b.benchmark,18,1.87143
benchmark/imdb/08b.benchmark,19,1.86857
benchmark/imdb/08b.benchmark,20,1.86964
benchmark/imdb/08c.benchmark,1,5.78565
benchmark/imdb/08c.benchmark,2,5.65661
benchmark/imdb/08c.benchmark,3,5.6656
benchmark/imdb/08c.benchmark,4,5.68166
benchmark/imdb/08c.benchmark,5,5.73054
benchmark/imdb/08c.benchmark,6,5.74302
benchmark/imdb/08c.benchmark,7,5.71442
benchmark/imdb/08c.benchmark,8,5.74463
benchmark/imdb/08c.benchmark,9,5.68894
benchmark/imdb/08c.benchmark,10,5.76372
benchmark/imdb/08c.benchmark,11,5.7041
benchmark/imdb/08c.benchmark,12,5.71038
benchmark/imdb/08c.benchmark,13,5.71304
benchmark/imdb/08c.benchmark,14,5.71479
benchmark/imdb/08c.benchmark,15,5.76107
benchmark/imdb/08c.benchmark,16,5.74743
benchmark/imdb/08c.benchmark,17,5.73431
benchmark/imdb/08c.benchmark,18,5.76338
benchmark/imdb/08c.benchmark,19,5.71215
benchmark/imdb/08c.benchmark,20,5.72545
benchmark/imdb/08d.benchmark,1,2.004
benchmark/imdb/08d.benchmark,2,2.00466
benchmark/imdb/08d.benchmark,3,2.00402
benchmark/imdb/08d.benchmark,4,2.03372
benchmark/imdb/08d.benchmark,5,1.99214
benchmark/imdb/08d.benchmark,6,1.99087
benchmark/imdb/08d.benchmark,7,1.99438
benchmark/imdb/08d.benchmark,8,1.98922
benchmark/imdb/08d.benchmark,9,1.99982
benchmark/imdb/08d.benchmark,10,1.99249
benchmark/imdb/08d.benchmark,11,1.99944
benchmark/imdb/08d.benchmark,12,2.00216
benchmark/imdb/08d.benchmark,13,2.02132
benchmark/imdb/08d.benchmark,14,2.00182
benchmark/imdb/08d.benchmark,15,1.99556
benchmark/imdb/08d.benchmark,16,1.99233
benchmark/imdb/08d.benchmark,17,2.01108
benchmark/imdb/08d.benchmark,18,2.01615
benchmark/imdb/08d.benchmark,19,2.06993
benchmark/imdb/08d.benchmark,20,2.00383
benchmark/imdb/09a.benchmark,1,2.66044
benchmark/imdb/09a.benchmark,2,2.6541
benchmark/imdb/09a.benchmark,3,2.65663
benchmark/imdb/09a.benchmark,4,2.65868
benchmark/imdb/09a.benchmark,5,2.66778
benchmark/imdb/09a.benchmark,6,2.65624
benchmark/imdb/09a.benchmark,7,2.66454
benchmark/imdb/09a.benchmark,8,2.68019
benchmark/imdb/09a.benchmark,9,2.65332
benchmark/imdb/09a.benchmark,10,2.73085
benchmark/imdb/09a.benchmark,11,2.66587
benchmark/imdb/09a.benchmark,12,2.65595
benchmark/imdb/09a.benchmark,13,2.65428
benchmark/imdb/09a.benchmark,14,2.65616
benchmark/imdb/09a.benchmark,15,2.66391
benchmark/imdb/09a.benchmark,16,2.65747
benchmark/imdb/09a.benchmark,17,2.66299
benchmark/imdb/09a.benchmark,18,2.67159
benchmark/imdb/09a.benchmark,19,2.65649
benchmark/imdb/09a.benchmark,20,2.67736
benchmark/imdb/09b.benchmark,1,2.12702
benchmark/imdb/09b.benchmark,2,2.11209
benchmark/imdb/09b.benchmark,3,2.10862
benchmark/imdb/09b.benchmark,4,2.1112
benchmark/imdb/09b.benchmark,5,2.1128
benchmark/imdb/09b.benchmark,6,2.11161
benchmark/imdb/09b.benchmark,7,2.11201
benchmark/imdb/09b.benchmark,8,2.10811
benchmark/imdb/09b.benchmark,9,2.12546
benchmark/imdb/09b.benchmark,10,2.11979
benchmark/imdb/09b.benchmark,11,2.11365
benchmark/imdb/09b.benchmark,12,2.11337
benchmark/imdb/09b.benchmark,13,2.10975
benchmark/imdb/09b.benchmark,14,2.12079
benchmark/imdb/09b.benchmark,15,2.15265
benchmark/imdb/09b.benchmark,16,2.113
benchmark/imdb/09b.benchmark,17,2.112
benchmark/imdb/09b.benchmark,18,2.11503
benchmark/imdb/09b.benchmark,19,2.11199
benchmark/imdb/09b.benchmark,20,2.11604
benchmark/imdb/09c.benchmark,1,2.48958
benchmark/imdb/09c.benchmark,2,2.497
benchmark/imdb/09c.benchmark,3,2.52266
benchmark/imdb/09c.benchmark,4,2.58359
benchmark/imdb/09c.benchmark,5,2.49029
benchmark/imdb/09c.benchmark,6,2.49341
benchmark/imdb/09c.benchmark,7,2.51775
benchmark/imdb/09c.benchmark,8,2.49904
benchmark/imdb/09c.benchmark,9,2.48715
benchmark/imdb/09c.benchmark,10,2.48621
benchmark/imdb/09c.benchmark,11,2.48825
benchmark/imdb/09c.benchmark,12,2.48583
benchmark/imdb/09c.benchmark,13,2.48447
benchmark/imdb/09c.benchmark,14,2.48737
benchmark/imdb/09c.benchmark,15,2.50599
benchmark/imdb/09c.benchmark,16,2.51383
benchmark/imdb/09c.benchmark,17,2.49134
benchmark/imdb/09c.benchmark,18,2.56755
benchmark/imdb/09c.benchmark,19,2.50481
benchmark/imdb/09c.benchmark,20,2.48827
benchmark/imdb/09d.benchmark,1,5.2994
benchmark/imdb/09d.benchmark,2,5.32805
benchmark/imdb/09d.benchmark,3,5.30947
benchmark/imdb/09d.benchmark,4,5.39566
benchmark/imdb/09d.benchmark,5,5.30957
benchmark/imdb/09d.benchmark,6,5.29369
benchmark/imdb/09d.benchmark,7,5.3326
benchmark/imdb/09d.benchmark,8,5.34561
benchmark/imdb/09d.benchmark,9,5.41877
benchmark/imdb/09d.benchmark,10,5.31862
benchmark/imdb/09d.benchmark,11,5.32037
benchmark/imdb/09d.benchmark,12,5.32943
benchmark/imdb/09d.benchmark,13,5.3895
benchmark/imdb/09d.benchmark,14,5.34025
benchmark/imdb/09d.benchmark,15,5.333
benchmark/imdb/09d.benchmark,16,5.39568
benchmark/imdb/09d.benchmark,17,5.38211
benchmark/imdb/09d.benchmark,18,5.29128
benchmark/imdb/09d.benchmark,19,5.3008
benchmark/imdb/09d.benchmark,20,5.31552
benchmark/imdb/10a.benchmark,1,1.96508
benchmark/imdb/10a.benchmark,2,1.96384
benchmark/imdb/10a.benchmark,3,1.96473
benchmark/imdb/10a.benchmark,4,1.96759
benchmark/imdb/10a.benchmark,5,1.96334
benchmark/imdb/10a.benchmark,6,1.9643
benchmark/imdb/10a.benchmark,7,1.97279
benchmark/imdb/10a.benchmark,8,2.0576
benchmark/imdb/10a.benchmark,9,1.96648
benchmark/imdb/10a.benchmark,10,1.98377
benchmark/imdb/10a.benchmark,11,1.96691
benchmark/imdb/10a.benchmark,12,1.96359
benchmark/imdb/10a.benchmark,13,1.96525
benchmark/imdb/10a.benchmark,14,1.96503
benchmark/imdb/10a.benchmark,15,1.96592
benchmark/imdb/10a.benchmark,16,1.96754
benchmark/imdb/10a.benchmark,17,2.00806
benchmark/imdb/10a.benchmark,18,1.97506
benchmark/imdb/10a.benchmark,19,1.9661
benchmark/imdb/10a.benchmark,20,1.9687
benchmark/imdb/10b.benchmark,1,1.75644
benchmark/imdb/10b.benchmark,2,1.75673
benchmark/imdb/10b.benchmark,3,1.7568
benchmark/imdb/10b.benchmark,4,1.75868
benchmark/imdb/10b.benchmark,5,1.75803
benchmark/imdb/10b.benchmark,6,1.75831
benchmark/imdb/10b.benchmark,7,1.75716
benchmark/imdb/10b.benchmark,8,1.75692
benchmark/imdb/10b.benchmark,9,1.75944
benchmark/imdb/10b.benchmark,10,1.75863
benchmark/imdb/10b.benchmark,11,1.76018
benchmark/imdb/10b.benchmark,12,1.75915
benchmark/imdb/10b.benchmark,13,1.75915
benchmark/imdb/10b.benchmark,14,1.75922
benchmark/imdb/10b.benchmark,15,1.75963
benchmark/imdb/10b.benchmark,16,1.75721
benchmark/imdb/10b.benchmark,17,1.75947
benchmark/imdb/10b.benchmark,18,1.75598
benchmark/imdb/10b.benchmark,19,1.75934
benchmark/imdb/10b.benchmark,20,1.75877
benchmark/imdb/10c.benchmark,1,2.6183
benchmark/imdb/10c.benchmark,2,2.62696
benchmark/imdb/10c.benchmark,3,2.69152
benchmark/imdb/10c.benchmark,4,2.61356
benchmark/imdb/10c.benchmark,5,2.61625
benchmark/imdb/10c.benchmark,6,2.63142
benchmark/imdb/10c.benchmark,7,2.61318
benchmark/imdb/10c.benchmark,8,2.61162
benchmark/imdb/10c.benchmark,9,2.61178
benchmark/imdb/10c.benchmark,10,2.61514
benchmark/imdb/10c.benchmark,11,2.6121
benchmark/imdb/10c.benchmark,12,2.63088
benchmark/imdb/10c.benchmark,13,2.61882
benchmark/imdb/10c.benchmark,14,2.61503
benchmark/imdb/10c.benchmark,15,2.64111
benchmark/imdb/10c.benchmark,16,2.63618
benchmark/imdb/10c.benchmark,17,2.61437
benchmark/imdb/10c.benchmark,18,2.62672
benchmark/imdb/10c.benchmark,19,2.60902
benchmark/imdb/10c.benchmark,20,2.6105
benchmark/imdb/11a.benchmark,1,0.435763
benchmark/imdb/11a.benchmark,2,0.434832
benchmark/imdb/11a.benchmark,3,0.434621
benchmark/imdb/11a.benchmark,4,0.435505
benchmark/imdb/11a.benchmark,5,0.434533
benchmark/imdb/11a.benchmark,6,0.434537
benchmark/imdb/11a.benchmark,7,0.434954
benchmark/imdb/11a.benchmark,8,0.435693
benchmark/imdb/11a.benchmark,9,0.435264
benchmark/imdb/11a.benchmark,10,0.440834
benchmark/imdb/11a.benchmark,11,0.43654
benchmark/imdb/11a.benchmark,12,0.43538
benchmark/imdb/11a.benchmark,13,0.434743
benchmark/imdb/11a.benchmark,14,0.434638
benchmark/imdb/11a.benchmark,15,0.434631
benchmark/imdb/11a.benchmark,16,0.435378
benchmark/imdb/11a.benchmark,17,0.435426
benchmark/imdb/11a.benchmark,18,0.434279
benchmark/imdb/11a.benchmark,19,0.434913
benchmark/imdb/11a.benchmark,20,0.43525
benchmark/imdb/11b.benchmark,1,0.407328
benchmark/imdb/11b.benchmark,2,0.408848
benchmark/imdb/11b.benchmark,3,0.407711
benchmark/imdb/11b.benchmark,4,0.40784
benchmark/imdb/11b.benchmark,5,0.408031
benchmark/imdb/11b.benchmark,6,0.407619
benchmark/imdb/11b.benchmark,7,0.408532
benchmark/imdb/11b.benchmark,8,0.408019
benchmark/imdb/11b.benchmark,9,0.406977
benchmark/imdb/11b.benchmark,10,0.407645
benchmark/imdb/11b.benchmark,11,0.409058
benchmark/imdb/11b.benchmark,12,0.407108
benchmark/imdb/11b.benchmark,13,0.407803
benchmark/imdb/11b.benchmark,14,0.407162
benchmark/imdb/11b.benchmark,15,0.408324
benchmark/imdb/11b.benchmark,16,0.407485
benchmark/imdb/11b.benchmark,17,0.407715
benchmark/imdb/11b.benchmark,18,0.407818
benchmark/imdb/11b.benchmark,19,0.407096
benchmark/imdb/11b.benchmark,20,0.408226
benchmark/imdb/11c.benchmark,1,0.750147
benchmark/imdb/11c.benchmark,2,0.746095
benchmark/imdb/11c.benchmark,3,0.740538
benchmark/imdb/11c.benchmark,4,0.741247
benchmark/imdb/11c.benchmark,5,0.741547
benchmark/imdb/11c.benchmark,6,0.742372
benchmark/imdb/11c.benchmark,7,0.741196
benchmark/imdb/11c.benchmark,8,0.739782
benchmark/imdb/11c.benchmark,9,0.741318
benchmark/imdb/11c.benchmark,10,0.739562
benchmark/imdb/11c.benchmark,11,0.744049
benchmark/imdb/11c.benchmark,12,0.739962
benchmark/imdb/11c.benchmark,13,0.741139
benchmark/imdb/11c.benchmark,14,0.73968
benchmark/imdb/11c.benchmark,15,0.740504
benchmark/imdb/11c.benchmark,16,0.745373
benchmark/imdb/11c.benchmark,17,0.741144
benchmark/imdb/11c.benchmark,18,0.743144
benchmark/imdb/11c.benchmark,19,0.741099
benchmark/imdb/11c.benchmark,20,0.740524
benchmark/imdb/11d.benchmark,1,1.35065
benchmark/imdb/11d.benchmark,2,1.34033
benchmark/imdb/11d.benchmark,3,1.34244
benchmark/imdb/11d.benchmark,4,1.33942
benchmark/imdb/11d.benchmark,5,1.34229
benchmark/imdb/11d.benchmark,6,1.34485
benchmark/imdb/11d.benchmark,7,1.33882
benchmark/imdb/11d.benchmark,8,1.34143
benchmark/imdb/11d.benchmark,9,1.34087
benchmark/imdb/11d.benchmark,10,1.3411
benchmark/imdb/11d.benchmark,11,1.34189
benchmark/imdb/11d.benchmark,12,1.34451
benchmark/imdb/11d.benchmark,13,1.34408
benchmark/imdb/11d.benchmark,14,1.34315
benchmark/imdb/11d.benchmark,15,1.34442
benchmark/imdb/11d.benchmark,16,1.33868
benchmark/imdb/11d.benchmark,17,1.34477
benchmark/imdb/11d.benchmark,18,1.34392
benchmark/imdb/11d.benchmark,19,1.33791
benchmark/imdb/11d.benchmark,20,1.34393
benchmark/imdb/12a.benchmark,1,1.12342
benchmark/imdb/12a.benchmark,2,1.11569
benchmark/imdb/12a.benchmark,3,1.12617
benchmark/imdb/12a.benchmark,4,1.12812
benchmark/imdb/12a.benchmark,5,1.12534
benchmark/imdb/12a.benchmark,6,1.12564
benchmark/imdb/12a.benchmark,7,1.12236
benchmark/imdb/12a.benchmark,8,1.12991
benchmark/imdb/12a.benchmark,9,1.13206
benchmark/imdb/12a.benchmark,10,1.12009
benchmark/imdb/12a.benchmark,11,1.12081
benchmark/imdb/12a.benchmark,12,1.12522
benchmark/imdb/12a.benchmark,13,1.12717
benchmark/imdb/12a.benchmark,14,1.11876
benchmark/imdb/12a.benchmark,15,1.13084
benchmark/imdb/12a.benchmark,16,1.13111
benchmark/imdb/12a.benchmark,17,1.1256
benchmark/imdb/12a.benchmark,18,1.11776
benchmark/imdb/12a.benchmark,19,1.11845
benchmark/imdb/12a.benchmark,20,1.12143
benchmark/imdb/12b.benchmark,1,1.09883
benchmark/imdb/12b.benchmark,2,1.02317
benchmark/imdb/12b.benchmark,3,1.01626
benchmark/imdb/12b.benchmark,4,1.01362
benchmark/imdb/12b.benchmark,5,1.01724
benchmark/imdb/12b.benchmark,6,1.01525
benchmark/imdb/12b.benchmark,7,1.00978
benchmark/imdb/12b.benchmark,8,1.0133
benchmark/imdb/12b.benchmark,9,1.01513
benchmark/imdb/12b.benchmark,10,1.01035
benchmark/imdb/12b.benchmark,11,1.01502
benchmark/imdb/12b.benchmark,12,1.01752
benchmark/imdb/12b.benchmark,13,1.01718
benchmark/imdb/12b.benchmark,14,1.02256
benchmark/imdb/12b.benchmark,15,1.01331
benchmark/imdb/12b.benchmark,16,1.01142
benchmark/imdb/12b.benchmark,17,1.01328
benchmark/imdb/12b.benchmark,18,1.01543
benchmark/imdb/12b.benchmark,19,1.01557
benchmark/imdb/12b.benchmark,20,1.01296
benchmark/imdb/12c.benchmark,1,1.52154
benchmark/imdb/12c.benchmark,2,1.49342
benchmark/imdb/12c.benchmark,3,1.49723
benchmark/imdb/12c.benchmark,4,1.49526
benchmark/imdb/12c.benchmark,5,1.49905
benchmark/imdb/12c.benchmark,6,1.50269
benchmark/imdb/12c.benchmark,7,1.49861
benchmark/imdb/12c.benchmark,8,1.49489
benchmark/imdb/12c.benchmark,9,1.5046
benchmark/imdb/12c.benchmark,10,1.50195
benchmark/imdb/12c.benchmark,11,1.50437
benchmark/imdb/12c.benchmark,12,1.50222
benchmark/imdb/12c.benchmark,13,1.5
benchmark/imdb/12c.benchmark,14,1.49722
benchmark/imdb/12c.benchmark,15,1.51211
benchmark/imdb/12c.benchmark,16,1.49897
benchmark/imdb/12c.benchmark,17,1.5081
benchmark/imdb/12c.benchmark,18,1.50493
benchmark/imdb/12c.benchmark,19,1.50385
benchmark/imdb/12c.benchmark,20,1.59861
benchmark/imdb/13a.benchmark,1,1.16188
benchmark/imdb/13a.benchmark,2,1.15217
benchmark/imdb/13a.benchmark,3,1.17153
benchmark/imdb/13a.benchmark,4,1.15222
benchmark/imdb/13a.benchmark,5,1.14615
benchmark/imdb/13a.benchmark,6,1.16627
benchmark/imdb/13a.benchmark,7,1.16089
benchmark/imdb/13a.benchmark,8,1.1662
benchmark/imdb/13a.benchmark,9,1.15287
benchmark/imdb/13a.benchmark,10,1.14948
benchmark/imdb/13a.benchmark,11,1.15341
benchmark/imdb/13a.benchmark,12,1.15499
benchmark/imdb/13a.benchmark,13,1.1499
benchmark/imdb/13a.benchmark,14,1.15218
benchmark/imdb/13a.benchmark,15,1.15506
benchmark/imdb/13a.benchmark,16,1.15868
benchmark/imdb/13a.benchmark,17,1.15694
benchmark/imdb/13a.benchmark,18,1.16098
benchmark/imdb/13a.benchmark,19,1.16382
benchmark/imdb/13a.benchmark,20,1.17333
benchmark/imdb/13b.benchmark,1,0.719307
benchmark/imdb/13b.benchmark,2,0.719123
benchmark/imdb/13b.benchmark,3,0.718913
benchmark/imdb/13b.benchmark,4,0.718689
benchmark/imdb/13b.benchmark,5,0.719298
benchmark/imdb/13b.benchmark,6,0.718982
benchmark/imdb/13b.benchmark,7,0.718421
benchmark/imdb/13b.benchmark,8,0.717937
benchmark/imdb/13b.benchmark,9,0.7199
benchmark/imdb/13b.benchmark,10,0.718768
benchmark/imdb/13b.benchmark,11,0.718276
benchmark/imdb/13b.benchmark,12,0.719938
benchmark/imdb/13b.benchmark,13,0.718077
benchmark/imdb/13b.benchmark,14,0.718461
benchmark/imdb/13b.benchmark,15,0.717647
benchmark/imdb/13b.benchmark,16,0.718434
benchmark/imdb/13b.benchmark,17,0.718959
benchmark/imdb/13b.benchmark,18,0.719186
benchmark/imdb/13b.benchmark,19,0.71743
benchmark/imdb/13b.benchmark,20,0.719793
benchmark/imdb/13c.benchmark,1,0.620299
benchmark/imdb/13c.benchmark,2,0.619481
benchmark/imdb/13c.benchmark,3,0.62199
benchmark/imdb/13c.benchmark,4,0.621303
benchmark/imdb/13c.benchmark,5,0.620766
benchmark/imdb/13c.benchmark,6,0.620437
benchmark/imdb/13c.benchmark,7,0.61911
benchmark/imdb/13c.benchmark,8,0.62066
benchmark/imdb/13c.benchmark,9,0.621127
benchmark/imdb/13c.benchmark,10,0.621354
benchmark/imdb/13c.benchmark,11,0.62016
benchmark/imdb/13c.benchmark,12,0.621541
benchmark/imdb/13c.benchmark,13,0.621104
benchmark/imdb/13c.benchmark,14,0.620757
benchmark/imdb/13c.benchmark,15,0.620961
benchmark/imdb/13c.benchmark,16,0.621099
benchmark/imdb/13c.benchmark,17,0.620314
benchmark/imdb/13c.benchmark,18,0.620767
benchmark/imdb/13c.benchmark,19,0.621483
benchmark/imdb/13c.benchmark,20,0.621032
benchmark/imdb/13d.benchmark,1,0.892366
benchmark/imdb/13d.benchmark,2,0.891817
benchmark/imdb/13d.benchmark,3,0.891246
benchmark/imdb/13d.benchmark,4,0.892139
benchmark/imdb/13d.benchmark,5,0.892591
benchmark/imdb/13d.benchmark,6,0.892571
benchmark/imdb/13d.benchmark,7,0.892768
benchmark/imdb/13d.benchmark,8,0.891888
benchmark/imdb/13d.benchmark,9,0.892915
benchmark/imdb/13d.benchmark,10,0.892148
benchmark/imdb/13d.benchmark,11,0.892746
benchmark/imdb/13d.benchmark,12,0.894456
benchmark/imdb/13d.benchmark,13,0.891929
benchmark/imdb/13d.benchmark,14,0.891849
benchmark/imdb/13d.benchmark,15,0.892677
benchmark/imdb/13d.benchmark,16,0.893633
benchmark/imdb/13d.benchmark,17,0.891724
benchmark/imdb/13d.benchmark,18,0.892105
benchmark/imdb/13d.benchmark,19,0.894063
benchmark/imdb/13d.benchmark,20,0.89235
benchmark/imdb/14a.benchmark,1,1.49147
benchmark/imdb/14a.benchmark,2,1.49638
benchmark/imdb/14a.benchmark,3,1.49354
benchmark/imdb/14a.benchmark,4,1.49679
benchmark/imdb/14a.benchmark,5,1.49528
benchmark/imdb/14a.benchmark,6,1.49752
benchmark/imdb/14a.benchmark,7,1.495
benchmark/imdb/14a.benchmark,8,1.49438
benchmark/imdb/14a.benchmark,9,1.50192
benchmark/imdb/14a.benchmark,10,1.50111
benchmark/imdb/14a.benchmark,11,1.49883
benchmark/imdb/14a.benchmark,12,1.49498
benchmark/imdb/14a.benchmark,13,1.49769
benchmark/imdb/14a.benchmark,14,1.49698
benchmark/imdb/14a.benchmark,15,1.49369
benchmark/imdb/14a.benchmark,16,1.49792
benchmark/imdb/14a.benchmark,17,1.50086
benchmark/imdb/14a.benchmark,18,1.49992
benchmark/imdb/14a.benchmark,19,1.50826
benchmark/imdb/14a.benchmark,20,1.57832
benchmark/imdb/14b.benchmark,1,1.48386
benchmark/imdb/14b.benchmark,2,1.47044
benchmark/imdb/14b.benchmark,3,1.46637
benchmark/imdb/14b.benchmark,4,1.46532
benchmark/imdb/14b.benchmark,5,1.47082
benchmark/imdb/14b.benchmark,6,1.4684
benchmark/imdb/14b.benchmark,7,1.46273
benchmark/imdb/14b.benchmark,8,1.46159
benchmark/imdb/14b.benchmark,9,1.46642
benchmark/imdb/14b.benchmark,10,1.46222
benchmark/imdb/14b.benchmark,11,1.46004
benchmark/imdb/14b.benchmark,12,1.46363
benchmark/imdb/14b.benchmark,13,1.46582
benchmark/imdb/14b.benchmark,14,1.46347
benchmark/imdb/14b.benchmark,15,1.46971
benchmark/imdb/14b.benchmark,16,1.46834
benchmark/imdb/14b.benchmark,17,1.46198
benchmark/imdb/14b.benchmark,18,1.45838
benchmark/imdb/14b.benchmark,19,1.47172
benchmark/imdb/14b.benchmark,20,1.46316
benchmark/imdb/14c.benchmark,1,1.67781
benchmark/imdb/14c.benchmark,2,1.67138
benchmark/imdb/14c.benchmark,3,1.6762
benchmark/imdb/14c.benchmark,4,1.67332
benchmark/imdb/14c.benchmark,5,1.67997
benchmark/imdb/14c.benchmark,6,1.6794
benchmark/imdb/14c.benchmark,7,1.67273
benchmark/imdb/14c.benchmark,8,1.67945
benchmark/imdb/14c.benchmark,9,1.68168
benchmark/imdb/14c.benchmark,10,1.68577
benchmark/imdb/14c.benchmark,11,1.7548
benchmark/imdb/14c.benchmark,12,1.6787
benchmark/imdb/14c.benchmark,13,1.69568
benchmark/imdb/14c.benchmark,14,1.67319
benchmark/imdb/14c.benchmark,15,1.67279
benchmark/imdb/14c.benchmark,16,1.66899
benchmark/imdb/14c.benchmark,17,1.67134
benchmark/imdb/14c.benchmark,18,1.67601
benchmark/imdb/14c.benchmark,19,1.67382
benchmark/imdb/14c.benchmark,20,1.67319
benchmark/imdb/15a.benchmark,1,1.4962
benchmark/imdb/15a.benchmark,2,1.49753
benchmark/imdb/15a.benchmark,3,1.49574
benchmark/imdb/15a.benchmark,4,1.49854
benchmark/imdb/15a.benchmark,5,1.49656
benchmark/imdb/15a.benchmark,6,1.49522
benchmark/imdb/15a.benchmark,7,1.4992
benchmark/imdb/15a.benchmark,8,1.51177
benchmark/imdb/15a.benchmark,9,1.49975
benchmark/imdb/15a.benchmark,10,1.50009
benchmark/imdb/15a.benchmark,11,1.49681
benchmark/imdb/15a.benchmark,12,1.50646
benchmark/imdb/15a.benchmark,13,1.58235
benchmark/imdb/15a.benchmark,14,1.49896
benchmark/imdb/15a.benchmark,15,1.49611
benchmark/imdb/15a.benchmark,16,1.49743
benchmark/imdb/15a.benchmark,17,1.49909
benchmark/imdb/15a.benchmark,18,1.51131
benchmark/imdb/15a.benchmark,19,1.49747
benchmark/imdb/15a.benchmark,20,1.49848
benchmark/imdb/15b.benchmark,1,1.40406
benchmark/imdb/15b.benchmark,2,1.40175
benchmark/imdb/15b.benchmark,3,1.40414
benchmark/imdb/15b.benchmark,4,1.39941
benchmark/imdb/15b.benchmark,5,1.40533
benchmark/imdb/15b.benchmark,6,1.40254
benchmark/imdb/15b.benchmark,7,1.40596
benchmark/imdb/15b.benchmark,8,1.40352
benchmark/imdb/15b.benchmark,9,1.40772
benchmark/imdb/15b.benchmark,10,1.40616
benchmark/imdb/15b.benchmark,11,1.40404
benchmark/imdb/15b.benchmark,12,1.40238
benchmark/imdb/15b.benchmark,13,1.40864
benchmark/imdb/15b.benchmark,14,1.40662
benchmark/imdb/15b.benchmark,15,1.40404
benchmark/imdb/15b.benchmark,16,1.40713
benchmark/imdb/15b.benchmark,17,1.40396
benchmark/imdb/15b.benchmark,18,1.40346
benchmark/imdb/15b.benchmark,19,1.40308
benchmark/imdb/15b.benchmark,20,1.4047
benchmark/imdb/15c.benchmark,1,1.71265
benchmark/imdb/15c.benchmark,2,1.71388
benchmark/imdb/15c.benchmark,3,1.71386
benchmark/imdb/15c.benchmark,4,1.71
benchmark/imdb/15c.benchmark,5,1.70666
benchmark/imdb/15c.benchmark,6,1.71422
benchmark/imdb/15c.benchmark,7,1.7066
benchmark/imdb/15c.benchmark,8,1.70534
benchmark/imdb/15c.benchmark,9,1.71696
benchmark/imdb/15c.benchmark,10,1.70934
benchmark/imdb/15c.benchmark,11,1.72245
benchmark/imdb/15c.benchmark,12,1.78925
benchmark/imdb/15c.benchmark,13,1.71586
benchmark/imdb/15c.benchmark,14,1.72406
benchmark/imdb/15c.benchmark,15,1.71112
benchmark/imdb/15c.benchmark,16,1.7113
benchmark/imdb/15c.benchmark,17,1.71748
benchmark/imdb/15c.benchmark,18,1.71891
benchmark/imdb/15c.benchmark,19,1.71024
benchmark/imdb/15c.benchmark,20,1.71948
benchmark/imdb/15d.benchmark,1,1.38519
benchmark/imdb/15d.benchmark,2,1.3848
benchmark/imdb/15d.benchmark,3,1.38113
benchmark/imdb/15d.benchmark,4,1.38179
benchmark/imdb/15d.benchmark,5,1.38677
benchmark/imdb/15d.benchmark,6,1.3847
benchmark/imdb/15d.benchmark,7,1.38179
benchmark/imdb/15d.benchmark,8,1.38265
benchmark/imdb/15d.benchmark,9,1.38237
benchmark/imdb/15d.benchmark,10,1.38171
benchmark/imdb/15d.benchmark,11,1.38203
benchmark/imdb/15d.benchmark,12,1.37966
benchmark/imdb/15d.benchmark,13,1.38508
benchmark/imdb/15d.benchmark,14,1.38142
benchmark/imdb/15d.benchmark,15,1.38106
benchmark/imdb/15d.benchmark,16,1.38395
benchmark/imdb/15d.benchmark,17,1.3826
benchmark/imdb/15d.benchmark,18,1.38111
benchmark/imdb/15d.benchmark,19,1.38243
benchmark/imdb/15d.benchmark,20,1.38298
benchmark/imdb/16a.benchmark,1,0.833736
benchmark/imdb/16a.benchmark,2,0.835599
benchmark/imdb/16a.benchmark,3,0.836712
benchmark/imdb/16a.benchmark,4,0.836584
benchmark/imdb/16a.benchmark,5,0.832941
benchmark/imdb/16a.benchmark,6,0.837512
benchmark/imdb/16a.benchmark,7,0.838871
benchmark/imdb/16a.benchmark,8,0.838247
benchmark/imdb/16a.benchmark,9,0.839165
benchmark/imdb/16a.benchmark,10,0.837947
benchmark/imdb/16a.benchmark,11,0.837164
benchmark/imdb/16a.benchmark,12,0.834706
benchmark/imdb/16a.benchmark,13,0.832373
benchmark/imdb/16a.benchmark,14,0.8353
benchmark/imdb/16a.benchmark,15,0.836512
benchmark/imdb/16a.benchmark,16,0.839021
benchmark/imdb/16a.benchmark,17,0.833593
benchmark/imdb/16a.benchmark,18,0.835806
benchmark/imdb/16a.benchmark,19,0.836093
benchmark/imdb/16a.benchmark,20,0.848584
benchmark/imdb/16b.benchmark,1,6.30581
benchmark/imdb/16b.benchmark,2,6.42746
benchmark/imdb/16b.benchmark,3,6.25458
benchmark/imdb/16b.benchmark,4,6.25355
benchmark/imdb/16b.benchmark,5,6.27375
benchmark/imdb/16b.benchmark,6,6.32803
benchmark/imdb/16b.benchmark,7,6.25332
benchmark/imdb/16b.benchmark,8,6.34686
benchmark/imdb/16b.benchmark,9,6.39368
benchmark/imdb/16b.benchmark,10,6.26063
benchmark/imdb/16b.benchmark,11,6.25325
benchmark/imdb/16b.benchmark,12,6.28728
benchmark/imdb/16b.benchmark,13,6.32663
benchmark/imdb/16b.benchmark,14,6.28794
benchmark/imdb/16b.benchmark,15,6.23325
benchmark/imdb/16b.benchmark,16,6.31617
benchmark/imdb/16b.benchmark,17,6.46484
benchmark/imdb/16b.benchmark,18,6.25461
benchmark/imdb/16b.benchmark,19,6.22874
benchmark/imdb/16b.benchmark,20,6.27525
benchmark/imdb/16c.benchmark,1,2.23209
benchmark/imdb/16c.benchmark,2,2.23894
benchmark/imdb/16c.benchmark,3,2.22576
benchmark/imdb/16c.benchmark,4,2.2337
benchmark/imdb/16c.benchmark,5,2.23512
benchmark/imdb/16c.benchmark,6,2.24451
benchmark/imdb/16c.benchmark,7,2.24481
benchmark/imdb/16c.benchmark,8,2.25576
benchmark/imdb/16c.benchmark,9,2.22707
benchmark/imdb/16c.benchmark,10,2.24396
benchmark/imdb/16c.benchmark,11,2.23223
benchmark/imdb/16c.benchmark,12,2.2451
benchmark/imdb/16c.benchmark,13,2.24519
benchmark/imdb/16c.benchmark,14,2.22929
benchmark/imdb/16c.benchmark,15,2.24262
benchmark/imdb/16c.benchmark,16,2.23464
benchmark/imdb/16c.benchmark,17,2.26739
benchmark/imdb/16c.benchmark,18,2.24781
benchmark/imdb/16c.benchmark,19,2.2314
benchmark/imdb/16c.benchmark,20,2.26429
benchmark/imdb/16d.benchmark,1,2.25215
benchmark/imdb/16d.benchmark,2,2.25397
benchmark/imdb/16d.benchmark,3,2.25077
benchmark/imdb/16d.benchmark,4,2.26182
benchmark/imdb/16d.benchmark,5,2.27
benchmark/imdb/16d.benchmark,6,2.25221
benchmark/imdb/16d.benchmark,7,2.25844
benchmark/imdb/16d.benchmark,8,2.26163
benchmark/imdb/16d.benchmark,9,2.25499
benchmark/imdb/16d.benchmark,10,2.25429
benchmark/imdb/16d.benchmark,11,2.24866
benchmark/imdb/16d.benchmark,12,2.25899
benchmark/imdb/16d.benchmark,13,2.25307
benchmark/imdb/16d.benchmark,14,2.25033
benchmark/imdb/16d.benchmark,15,2.25234
benchmark/imdb/16d.benchmark,16,2.29991
benchmark/imdb/16d.benchmark,17,2.31923
benchmark/imdb/16d.benchmark,18,2.25579
benchmark/imdb/16d.benchmark,19,2.25823
benchmark/imdb/16d.benchmark,20,2.26186
benchmark/imdb/17a.benchmark,1,1.93236
benchmark/imdb/17a.benchmark,2,1.93072
benchmark/imdb/17a.benchmark,3,1.93434
benchmark/imdb/17a.benchmark,4,1.92287
benchmark/imdb/17a.benchmark,5,1.92378
benchmark/imdb/17a.benchmark,6,1.94804
benchmark/imdb/17a.benchmark,7,1.95445
benchmark/imdb/17a.benchmark,8,1.92951
benchmark/imdb/17a.benchmark,9,1.97424
benchmark/imdb/17a.benchmark,10,1.95407
benchmark/imdb/17a.benchmark,11,1.93489
benchmark/imdb/17a.benchmark,12,1.92834
benchmark/imdb/17a.benchmark,13,1.94056
benchmark/imdb/17a.benchmark,14,1.95034
benchmark/imdb/17a.benchmark,15,1.93312
benchmark/imdb/17a.benchmark,16,1.93211
benchmark/imdb/17a.benchmark,17,1.93332
benchmark/imdb/17a.benchmark,18,1.92948
benchmark/imdb/17a.benchmark,19,1.93077
benchmark/imdb/17a.benchmark,20,1.92426
benchmark/imdb/17b.benchmark,1,3.51283
benchmark/imdb/17b.benchmark,2,3.52318
benchmark/imdb/17b.benchmark,3,3.50646
benchmark/imdb/17b.benchmark,4,3.50844
benchmark/imdb/17b.benchmark,5,3.51897
benchmark/imdb/17b.benchmark,6,3.57374
benchmark/imdb/17b.benchmark,7,3.54251
benchmark/imdb/17b.benchmark,8,3.52709
benchmark/imdb/17b.benchmark,9,3.52247
benchmark/imdb/17b.benchmark,10,3.5295
benchmark/imdb/17b.benchmark,11,3.57095
benchmark/imdb/17b.benchmark,12,3.56669
benchmark/imdb/17b.benchmark,13,3.5354
benchmark/imdb/17b.benchmark,14,3.51206
benchmark/imdb/17b.benchmark,15,3.51814
benchmark/imdb/17b.benchmark,16,3.50415
benchmark/imdb/17b.benchmark,17,3.5017
benchmark/imdb/17b.benchmark,18,3.52395
benchmark/imdb/17b.benchmark,19,3.51697
benchmark/imdb/17b.benchmark,20,3.50272
benchmark/imdb/17c.benchmark,1,3.55305
benchmark/imdb/17c.benchmark,2,3.50539
benchmark/imdb/17c.benchmark,3,3.50581
benchmark/imdb/17c.benchmark,4,3.54966
benchmark/imdb/17c.benchmark,5,3.52618
benchmark/imdb/17c.benchmark,6,3.51739
benchmark/imdb/17c.benchmark,7,3.51554
benchmark/imdb/17c.benchmark,8,3.51211
benchmark/imdb/17c.benchmark,9,3.55444
benchmark/imdb/17c.benchmark,10,3.5938
benchmark/imdb/17c.benchmark,11,3.51383
benchmark/imdb/17c.benchmark,12,3.49943
benchmark/imdb/17c.benchmark,13,3.50145
benchmark/imdb/17c.benchmark,14,3.51152
benchmark/imdb/17c.benchmark,15,3.50381
benchmark/imdb/17c.benchmark,16,3.51224
benchmark/imdb/17c.benchmark,17,3.52403
benchmark/imdb/17c.benchmark,18,3.52543
benchmark/imdb/17c.benchmark,19,3.58569
benchmark/imdb/17c.benchmark,20,3.52442
benchmark/imdb/17d.benchmark,1,3.63896
benchmark/imdb/17d.benchmark,2,3.6695
benchmark/imdb/17d.benchmark,3,3.74008
benchmark/imdb/17d.benchmark,4,3.67829
benchmark/imdb/17d.benchmark,5,3.64691
benchmark/imdb/17d.benchmark,6,3.64469
benchmark/imdb/17d.benchmark,7,3.64413
benchmark/imdb/17d.benchmark,8,3.71423
benchmark/imdb/17d.benchmark,9,3.70351
benchmark/imdb/17d.benchmark,10,3.66409
benchmark/imdb/17d.benchmark,11,3.65455
benchmark/imdb/17d.benchmark,12,3.66609
benchmark/imdb/17d.benchmark,13,3.74614
benchmark/imdb/17d.benchmark,14,3.71127
benchmark/imdb/17d.benchmark,15,3.6569
benchmark/imdb/17d.benchmark,16,3.66914
benchmark/imdb/17d.benchmark,17,3.64451
benchmark/imdb/17d.benchmark,18,3.69413
benchmark/imdb/17d.benchmark,19,3.70872
benchmark/imdb/17d.benchmark,20,3.67725
benchmark/imdb/17e.benchmark,1,3.00999
benchmark/imdb/17e.benchmark,2,3.02241
benchmark/imdb/17e.benchmark,3,3.01433
benchmark/imdb/17e.benchmark,4,3.01645
benchmark/imdb/17e.benchmark,5,3.07105
benchmark/imdb/17e.benchmark,6,3.04829
benchmark/imdb/17e.benchmark,7,3.03855
benchmark/imdb/17e.benchmark,8,3.03481
benchmark/imdb/17e.benchmark,9,3.01759
benchmark/imdb/17e.benchmark,10,3.02201
benchmark/imdb/17e.benchmark,11,3.02808
benchmark/imdb/17e.benchmark,12,3.01895
benchmark/imdb/17e.benchmark,13,3.02786
benchmark/imdb/17e.benchmark,14,3.07616
benchmark/imdb/17e.benchmark,15,3.07717
benchmark/imdb/17e.benchmark,16,3.02623
benchmark/imdb/17e.benchmark,17,3.00811
benchmark/imdb/17e.benchmark,18,3.03646
benchmark/imdb/17e.benchmark,19,3.02226
benchmark/imdb/17e.benchmark,20,3.02092
benchmark/imdb/17f.benchmark,1,4.01197
benchmark/imdb/17f.benchmark,2,3.99127
benchmark/imdb/17f.benchmark,3,3.99104
benchmark/imdb/17f.benchmark,4,3.99785
benchmark/imdb/17f.benchmark,5,3.99719
benchmark/imdb/17f.benchmark,6,4.00907
benchmark/imdb/17f.benchmark,7,4.00621
benchmark/imdb/17f.benchmark,8,4.00186
benchmark/imdb/17f.benchmark,9,4.07466
benchmark/imdb/17f.benchmark,10,4.00945
benchmark/imdb/17f.benchmark,11,4.01496
benchmark/imdb/17f.benchmark,12,4.01787
benchmark/imdb/17f.benchmark,13,4.07443
benchmark/imdb/17f.benchmark,14,4.05112
benchmark/imdb/17f.benchmark,15,4.01138
benchmark/imdb/17f.benchmark,16,4.00176
benchmark/imdb/17f.benchmark,17,4.0158
benchmark/imdb/17f.benchmark,18,4.06872
benchmark/imdb/17f.benchmark,19,4.03356
benchmark/imdb/17f.benchmark,20,4.00838
benchmark/imdb/18a.benchmark,1,3.41574
benchmark/imdb/18a.benchmark,2,3.4018
benchmark/imdb/18a.benchmark,3,3.3191
benchmark/imdb/18a.benchmark,4,3.32285
benchmark/imdb/18a.benchmark,5,3.33207
benchmark/imdb/18a.benchmark,6,3.31245
benchmark/imdb/18a.benchmark,7,3.30617
benchmark/imdb/18a.benchmark,8,3.32607
benchmark/imdb/18a.benchmark,9,3.39597
benchmark/imdb/18a.benchmark,10,3.32346
benchmark/imdb/18a.benchmark,11,3.313
benchmark/imdb/18a.benchmark,12,3.3117
benchmark/imdb/18a.benchmark,13,3.39103
benchmark/imdb/18a.benchmark,14,3.30879
benchmark/imdb/18a.benchmark,15,3.33094
benchmark/imdb/18a.benchmark,16,3.36639
benchmark/imdb/18a.benchmark,17,3.44594
benchmark/imdb/18a.benchmark,18,3.34797
benchmark/imdb/18a.benchmark,19,3.31857
benchmark/imdb/18a.benchmark,20,3.30987
benchmark/imdb/18b.benchmark,1,2.72476
benchmark/imdb/18b.benchmark,2,2.71504
benchmark/imdb/18b.benchmark,3,2.7155
benchmark/imdb/18b.benchmark,4,2.70607
benchmark/imdb/18b.benchmark,5,2.71801
benchmark/imdb/18b.benchmark,6,2.69835
benchmark/imdb/18b.benchmark,7,2.70472
benchmark/imdb/18b.benchmark,8,2.70129
benchmark/imdb/18b.benchmark,9,2.71379
benchmark/imdb/18b.benchmark,10,2.7827
benchmark/imdb/18b.benchmark,11,2.72544
benchmark/imdb/18b.benchmark,12,2.71237
benchmark/imdb/18b.benchmark,13,2.73192
benchmark/imdb/18b.benchmark,14,2.70931
benchmark/imdb/18b.benchmark,15,2.70798
benchmark/imdb/18b.benchmark,16,2.71184
benchmark/imdb/18b.benchmark,17,2.71376
benchmark/imdb/18b.benchmark,18,2.72069
benchmark/imdb/18b.benchmark,19,2.71905
benchmark/imdb/18b.benchmark,20,2.71402
benchmark/imdb/18c.benchmark,1,3.25595
benchmark/imdb/18c.benchmark,2,3.20285
benchmark/imdb/18c.benchmark,3,3.21192
benchmark/imdb/18c.benchmark,4,3.24912
benchmark/imdb/18c.benchmark,5,3.2046
benchmark/imdb/18c.benchmark,6,3.20455
benchmark/imdb/18c.benchmark,7,3.21013
benchmark/imdb/18c.benchmark,8,3.29647
benchmark/imdb/18c.benchmark,9,3.25071
benchmark/imdb/18c.benchmark,10,3.22241
benchmark/imdb/18c.benchmark,11,3.20375
benchmark/imdb/18c.benchmark,12,3.19885
benchmark/imdb/18c.benchmark,13,3.2088
benchmark/imdb/18c.benchmark,14,3.19496
benchmark/imdb/18c.benchmark,15,3.23193
benchmark/imdb/18c.benchmark,16,3.29385
benchmark/imdb/18c.benchmark,17,3.29987
benchmark/imdb/18c.benchmark,18,3.20437
benchmark/imdb/18c.benchmark,19,3.20015
benchmark/imdb/18c.benchmark,20,3.1992
benchmark/imdb/19a.benchmark,1,3.47221
benchmark/imdb/19a.benchmark,2,3.4771
benchmark/imdb/19a.benchmark,3,3.57716
benchmark/imdb/19a.benchmark,4,3.55099
benchmark/imdb/19a.benchmark,5,3.48004
benchmark/imdb/19a.benchmark,6,3.46113
benchmark/imdb/19a.benchmark,7,3.49295
benchmark/imdb/19a.benchmark,8,3.57533
benchmark/imdb/19a.benchmark,9,3.55848
benchmark/imdb/19a.benchmark,10,3.47495
benchmark/imdb/19a.benchmark,11,3.43901
benchmark/imdb/19a.benchmark,12,3.45908
benchmark/imdb/19a.benchmark,13,3.4624
benchmark/imdb/19a.benchmark,14,3.4943
benchmark/imdb/19a.benchmark,15,3.48917
benchmark/imdb/19a.benchmark,16,3.47825
benchmark/imdb/19a.benchmark,17,3.55362
benchmark/imdb/19a.benchmark,18,3.55454
benchmark/imdb/19a.benchmark,19,3.45523
benchmark/imdb/19a.benchmark,20,3.48511
benchmark/imdb/19b.benchmark,1,2.87469
benchmark/imdb/19b.benchmark,2,2.91445
benchmark/imdb/19b.benchmark,3,2.82731
benchmark/imdb/19b.benchmark,4,2.82242
benchmark/imdb/19b.benchmark,5,2.82438
benchmark/imdb/19b.benchmark,6,2.82604
benchmark/imdb/19b.benchmark,7,2.82348
benchmark/imdb/19b.benchmark,8,2.8257
benchmark/imdb/19b.benchmark,9,2.83963
benchmark/imdb/19b.benchmark,10,2.91023
benchmark/imdb/19b.benchmark,11,2.82132
benchmark/imdb/19b.benchmark,12,2.81992
benchmark/imdb/19b.benchmark,13,2.83651
benchmark/imdb/19b.benchmark,14,2.84635
benchmark/imdb/19b.benchmark,15,2.83213
benchmark/imdb/19b.benchmark,16,2.82343
benchmark/imdb/19b.benchmark,17,2.8241
benchmark/imdb/19b.benchmark,18,2.83494
benchmark/imdb/19b.benchmark,19,2.8332
benchmark/imdb/19b.benchmark,20,2.91076
benchmark/imdb/19c.benchmark,1,3.58812
benchmark/imdb/19c.benchmark,2,3.56567
benchmark/imdb/19c.benchmark,3,3.56953
benchmark/imdb/19c.benchmark,4,3.60336
benchmark/imdb/19c.benchmark,5,3.64773
benchmark/imdb/19c.benchmark,6,3.69784
benchmark/imdb/19c.benchmark,7,3.64648
benchmark/imdb/19c.benchmark,8,3.58522
benchmark/imdb/19c.benchmark,9,3.62444
benchmark/imdb/19c.benchmark,10,3.69432
benchmark/imdb/19c.benchmark,11,3.70315
benchmark/imdb/19c.benchmark,12,3.59666
benchmark/imdb/19c.benchmark,13,3.59411
benchmark/imdb/19c.benchmark,14,3.59347
benchmark/imdb/19c.benchmark,15,3.60093
benchmark/imdb/19c.benchmark,16,3.5696
benchmark/imdb/19c.benchmark,17,3.59456
benchmark/imdb/19c.benchmark,18,3.58537
benchmark/imdb/19c.benchmark,19,3.58853
benchmark/imdb/19c.benchmark,20,3.59099
benchmark/imdb/19d.benchmark,1,3.68277
benchmark/imdb/19d.benchmark,2,3.67099
benchmark/imdb/19d.benchmark,3,3.67606
benchmark/imdb/19d.benchmark,4,3.67991
benchmark/imdb/19d.benchmark,5,3.67082
benchmark/imdb/19d.benchmark,6,3.68599
benchmark/imdb/19d.benchmark,7,3.6768
benchmark/imdb/19d.benchmark,8,3.67446
benchmark/imdb/19d.benchmark,9,3.68666
benchmark/imdb/19d.benchmark,10,3.66775
benchmark/imdb/19d.benchmark,11,3.67655
benchmark/imdb/19d.benchmark,12,3.72454
benchmark/imdb/19d.benchmark,13,3.73365
benchmark/imdb/19d.benchmark,14,3.70802
benchmark/imdb/19d.benchmark,15,3.68036
benchmark/imdb/19d.benchmark,16,3.6991
benchmark/imdb/19d.benchmark,17,3.78338
benchmark/imdb/19d.benchmark,18,3.72566
benchmark/imdb/19d.benchmark,19,3.68954
benchmark/imdb/19d.benchmark,20,3.70268
benchmark/imdb/20a.benchmark,1,1.87702
benchmark/imdb/20a.benchmark,2,1.90762
benchmark/imdb/20a.benchmark,3,1.87741
benchmark/imdb/20a.benchmark,4,1.87837
benchmark/imdb/20a.benchmark,5,1.8797
benchmark/imdb/20a.benchmark,6,1.88675
benchmark/imdb/20a.benchmark,7,1.87881
benchmark/imdb/20a.benchmark,8,1.87042
benchmark/imdb/20a.benchmark,9,1.87466
benchmark/imdb/20a.benchmark,10,1.88088
benchmark/imdb/20a.benchmark,11,1.88496
benchmark/imdb/20a.benchmark,12,1.87684
benchmark/imdb/20a.benchmark,13,1.87762
benchmark/imdb/20a.benchmark,14,1.87739
benchmark/imdb/20a.benchmark,15,1.8796
benchmark/imdb/20a.benchmark,16,1.88309
benchmark/imdb/20a.benchmark,17,1.87553
benchmark/imdb/20a.benchmark,18,1.8763
benchmark/imdb/20a.benchmark,19,1.87403
benchmark/imdb/20a.benchmark,20,1.87592
benchmark/imdb/20b.benchmark,1,1.94495
benchmark/imdb/20b.benchmark,2,1.86237
benchmark/imdb/20b.benchmark,3,1.87713
benchmark/imdb/20b.benchmark,4,1.86621
benchmark/imdb/20b.benchmark,5,1.87194
benchmark/imdb/20b.benchmark,6,1.85715
benchmark/imdb/20b.benchmark,7,1.85894
benchmark/imdb/20b.benchmark,8,1.85964
benchmark/imdb/20b.benchmark,9,1.85921
benchmark/imdb/20b.benchmark,10,1.87345
benchmark/imdb/20b.benchmark,11,1.86487
benchmark/imdb/20b.benchmark,12,1.86956
benchmark/imdb/20b.benchmark,13,1.8592
benchmark/imdb/20b.benchmark,14,1.86083
benchmark/imdb/20b.benchmark,15,1.86751
benchmark/imdb/20b.benchmark,16,1.86261
benchmark/imdb/20b.benchmark,17,1.86524
benchmark/imdb/20b.benchmark,18,1.85956
benchmark/imdb/20b.benchmark,19,1.86248
benchmark/imdb/20b.benchmark,20,1.86336
benchmark/imdb/20c.benchmark,1,1.85254
benchmark/imdb/20c.benchmark,2,1.85495
benchmark/imdb/20c.benchmark,3,1.8537
benchmark/imdb/20c.benchmark,4,1.85197
benchmark/imdb/20c.benchmark,5,1.86277
benchmark/imdb/20c.benchmark,6,1.93573
benchmark/imdb/20c.benchmark,7,1.85665
benchmark/imdb/20c.benchmark,8,1.87502
benchmark/imdb/20c.benchmark,9,1.85525
benchmark/imdb/20c.benchmark,10,1.85526
benchmark/imdb/20c.benchmark,11,1.85301
benchmark/imdb/20c.benchmark,12,1.85418
benchmark/imdb/20c.benchmark,13,1.85162
benchmark/imdb/20c.benchmark,14,1.85227
benchmark/imdb/20c.benchmark,15,1.87168
benchmark/imdb/20c.benchmark,16,1.89799
benchmark/imdb/20c.benchmark,17,1.85353
benchmark/imdb/20c.benchmark,18,1.86231
benchmark/imdb/20c.benchmark,19,1.85169
benchmark/imdb/20c.benchmark,20,1.85653
benchmark/imdb/21a.benchmark,1,1.47338
benchmark/imdb/21a.benchmark,2,1.4818
benchmark/imdb/21a.benchmark,3,1.47589
benchmark/imdb/21a.benchmark,4,1.47401
benchmark/imdb/21a.benchmark,5,1.47957
benchmark/imdb/21a.benchmark,6,1.47759
benchmark/imdb/21a.benchmark,7,1.47043
benchmark/imdb/21a.benchmark,8,1.47917
benchmark/imdb/21a.benchmark,9,1.4789
benchmark/imdb/21a.benchmark,10,1.47379
benchmark/imdb/21a.benchmark,11,1.47669
benchmark/imdb/21a.benchmark,12,1.48028
benchmark/imdb/21a.benchmark,13,1.48336
benchmark/imdb/21a.benchmark,14,1.4826
benchmark/imdb/21a.benchmark,15,1.48457
benchmark/imdb/21a.benchmark,16,1.5608
benchmark/imdb/21a.benchmark,17,1.47497
benchmark/imdb/21a.benchmark,18,1.48105
benchmark/imdb/21a.benchmark,19,1.47485
benchmark/imdb/21a.benchmark,20,1.47752
benchmark/imdb/21b.benchmark,1,1.1192
benchmark/imdb/21b.benchmark,2,1.1188
benchmark/imdb/21b.benchmark,3,1.11923
benchmark/imdb/21b.benchmark,4,1.11552
benchmark/imdb/21b.benchmark,5,1.11949
benchmark/imdb/21b.benchmark,6,1.12126
benchmark/imdb/21b.benchmark,7,1.11579
benchmark/imdb/21b.benchmark,8,1.12004
benchmark/imdb/21b.benchmark,9,1.12067
benchmark/imdb/21b.benchmark,10,1.12338
benchmark/imdb/21b.benchmark,11,1.11745
benchmark/imdb/21b.benchmark,12,1.11775
benchmark/imdb/21b.benchmark,13,1.12206
benchmark/imdb/21b.benchmark,14,1.11404
benchmark/imdb/21b.benchmark,15,1.12081
benchmark/imdb/21b.benchmark,16,1.11751
benchmark/imdb/21b.benchmark,17,1.11599
benchmark/imdb/21b.benchmark,18,1.11888
benchmark/imdb/21b.benchmark,19,1.11608
benchmark/imdb/21b.benchmark,20,1.12041
benchmark/imdb/21c.benchmark,1,1.49647
benchmark/imdb/21c.benchmark,2,1.50671
benchmark/imdb/21c.benchmark,3,1.50763
benchmark/imdb/21c.benchmark,4,1.5016
benchmark/imdb/21c.benchmark,5,1.50721
benchmark/imdb/21c.benchmark,6,1.50082
benchmark/imdb/21c.benchmark,7,1.51681
benchmark/imdb/21c.benchmark,8,1.50578
benchmark/imdb/21c.benchmark,9,1.51023
benchmark/imdb/21c.benchmark,10,1.49952
benchmark/imdb/21c.benchmark,11,1.50195
benchmark/imdb/21c.benchmark,12,1.53059
benchmark/imdb/21c.benchmark,13,1.56584
benchmark/imdb/21c.benchmark,14,1.50432
benchmark/imdb/21c.benchmark,15,1.50115
benchmark/imdb/21c.benchmark,16,1.50021
benchmark/imdb/21c.benchmark,17,1.50327
benchmark/imdb/21c.benchmark,18,1.52178
benchmark/imdb/21c.benchmark,19,1.50485
benchmark/imdb/21c.benchmark,20,1.50087
benchmark/imdb/22a.benchmark,1,1.6907
benchmark/imdb/22a.benchmark,2,1.67803
benchmark/imdb/22a.benchmark,3,1.68502
benchmark/imdb/22a.benchmark,4,1.68443
benchmark/imdb/22a.benchmark,5,1.6958
benchmark/imdb/22a.benchmark,6,1.68583
benchmark/imdb/22a.benchmark,7,1.70071
benchmark/imdb/22a.benchmark,8,1.70109
benchmark/imdb/22a.benchmark,9,1.69536
benchmark/imdb/22a.benchmark,10,1.69245
benchmark/imdb/22a.benchmark,11,1.68525
benchmark/imdb/22a.benchmark,12,1.70947
benchmark/imdb/22a.benchmark,13,1.69101
benchmark/imdb/22a.benchmark,14,1.68222
benchmark/imdb/22a.benchmark,15,1.70018
benchmark/imdb/22a.benchmark,16,1.72097
benchmark/imdb/22a.benchmark,17,1.68815
benchmark/imdb/22a.benchmark,18,1.70379
benchmark/imdb/22a.benchmark,19,1.71605
benchmark/imdb/22a.benchmark,20,1.73215
benchmark/imdb/22b.benchmark,1,1.52142
benchmark/imdb/22b.benchmark,2,1.53057
benchmark/imdb/22b.benchmark,3,1.51808
benchmark/imdb/22b.benchmark,4,1.50921
benchmark/imdb/22b.benchmark,5,1.50922
benchmark/imdb/22b.benchmark,6,1.51266
benchmark/imdb/22b.benchmark,7,1.5139
benchmark/imdb/22b.benchmark,8,1.52255
benchmark/imdb/22b.benchmark,9,1.51181
benchmark/imdb/22b.benchmark,10,1.51145
benchmark/imdb/22b.benchmark,11,1.51394
benchmark/imdb/22b.benchmark,12,1.52115
benchmark/imdb/22b.benchmark,13,1.51561
benchmark/imdb/22b.benchmark,14,1.52167
benchmark/imdb/22b.benchmark,15,1.51264
benchmark/imdb/22b.benchmark,16,1.51823
benchmark/imdb/22b.benchmark,17,1.51453
benchmark/imdb/22b.benchmark,18,1.5214
benchmark/imdb/22b.benchmark,19,1.51496
benchmark/imdb/22b.benchmark,20,1.51571
benchmark/imdb/22c.benchmark,1,2.57186
benchmark/imdb/22c.benchmark,2,2.55098
benchmark/imdb/22c.benchmark,3,2.64164
benchmark/imdb/22c.benchmark,4,2.56357
benchmark/imdb/22c.benchmark,5,2.613
benchmark/imdb/22c.benchmark,6,2.63254
benchmark/imdb/22c.benchmark,7,2.54708
benchmark/imdb/22c.benchmark,8,2.64247
benchmark/imdb/22c.benchmark,9,2.57801
benchmark/imdb/22c.benchmark,10,2.55658
benchmark/imdb/22c.benchmark,11,2.54498
benchmark/imdb/22c.benchmark,12,2.55825
benchmark/imdb/22c.benchmark,13,2.55083
benchmark/imdb/22c.benchmark,14,2.55324
benchmark/imdb/22c.benchmark,15,2.55316
benchmark/imdb/22c.benchmark,16,2.54716
benchmark/imdb/22c.benchmark,17,2.54353
benchmark/imdb/22c.benchmark,18,2.55876
benchmark/imdb/22c.benchmark,19,2.63643
benchmark/imdb/22c.benchmark,20,2.55667
benchmark/imdb/22d.benchmark,1,3.55332
benchmark/imdb/22d.benchmark,2,3.48633
benchmark/imdb/22d.benchmark,3,3.50763
benchmark/imdb/22d.benchmark,4,3.62974
benchmark/imdb/22d.benchmark,5,3.52476
benchmark/imdb/22d.benchmark,6,3.47815
benchmark/imdb/22d.benchmark,7,3.46501
benchmark/imdb/22d.benchmark,8,3.47715
benchmark/imdb/22d.benchmark,9,3.47203
benchmark/imdb/22d.benchmark,10,3.48557
benchmark/imdb/22d.benchmark,11,3.46787
benchmark/imdb/22d.benchmark,12,3.4741
benchmark/imdb/22d.benchmark,13,3.54732
benchmark/imdb/22d.benchmark,14,3.54534
benchmark/imdb/22d.benchmark,15,3.57781
benchmark/imdb/22d.benchmark,16,3.56023
benchmark/imdb/22d.benchmark,17,3.47462
benchmark/imdb/22d.benchmark,18,3.50976
benchmark/imdb/22d.benchmark,19,3.60633
benchmark/imdb/22d.benchmark,20,3.54927
benchmark/imdb/23a.benchmark,1,1.37494
benchmark/imdb/23a.benchmark,2,1.37046
benchmark/imdb/23a.benchmark,3,1.36805
benchmark/imdb/23a.benchmark,4,1.37362
benchmark/imdb/23a.benchmark,5,1.36636
benchmark/imdb/23a.benchmark,6,1.36644
benchmark/imdb/23a.benchmark,7,1.36923
benchmark/imdb/23a.benchmark,8,1.37526
benchmark/imdb/23a.benchmark,9,1.37798
benchmark/imdb/23a.benchmark,10,1.36792
benchmark/imdb/23a.benchmark,11,1.36465
benchmark/imdb/23a.benchmark,12,1.36804
benchmark/imdb/23a.benchmark,13,1.37424
benchmark/imdb/23a.benchmark,14,1.36519
benchmark/imdb/23a.benchmark,15,1.37783
benchmark/imdb/23a.benchmark,16,1.36675
benchmark/imdb/23a.benchmark,17,1.37077
benchmark/imdb/23a.benchmark,18,1.36856
benchmark/imdb/23a.benchmark,19,1.36853
benchmark/imdb/23a.benchmark,20,1.37248
benchmark/imdb/23b.benchmark,1,1.41055
benchmark/imdb/23b.benchmark,2,1.42374
benchmark/imdb/23b.benchmark,3,1.40844
benchmark/imdb/23b.benchmark,4,1.41247
benchmark/imdb/23b.benchmark,5,1.40521
benchmark/imdb/23b.benchmark,6,1.40563
benchmark/imdb/23b.benchmark,7,1.40664
benchmark/imdb/23b.benchmark,8,1.40742
benchmark/imdb/23b.benchmark,9,1.40657
benchmark/imdb/23b.benchmark,10,1.41244
benchmark/imdb/23b.benchmark,11,1.40835
benchmark/imdb/23b.benchmark,12,1.40651
benchmark/imdb/23b.benchmark,13,1.40723
benchmark/imdb/23b.benchmark,14,1.40998
benchmark/imdb/23b.benchmark,15,1.40539
benchmark/imdb/23b.benchmark,16,1.40725
benchmark/imdb/23b.benchmark,17,1.40511
benchmark/imdb/23b.benchmark,18,1.40353
benchmark/imdb/23b.benchmark,19,1.40478
benchmark/imdb/23b.benchmark,20,1.42617
benchmark/imdb/23c.benchmark,1,1.46582
benchmark/imdb/23c.benchmark,2,1.41807
benchmark/imdb/23c.benchmark,3,1.39444
benchmark/imdb/23c.benchmark,4,1.39586
benchmark/imdb/23c.benchmark,5,1.39691
benchmark/imdb/23c.benchmark,6,1.39133
benchmark/imdb/23c.benchmark,7,1.4007
benchmark/imdb/23c.benchmark,8,1.3983
benchmark/imdb/23c.benchmark,9,1.40732
benchmark/imdb/23c.benchmark,10,1.4307
benchmark/imdb/23c.benchmark,11,1.40005
benchmark/imdb/23c.benchmark,12,1.39575
benchmark/imdb/23c.benchmark,13,1.39688
benchmark/imdb/23c.benchmark,14,1.39461
benchmark/imdb/23c.benchmark,15,1.39856
benchmark/imdb/23c.benchmark,16,1.39313
benchmark/imdb/23c.benchmark,17,1.39758
benchmark/imdb/23c.benchmark,18,1.40456
benchmark/imdb/23c.benchmark,19,1.39449
benchmark/imdb/23c.benchmark,20,1.39324
benchmark/imdb/24a.benchmark,1,3.70359
benchmark/imdb/24a.benchmark,2,3.76542
benchmark/imdb/24a.benchmark,3,3.79094
benchmark/imdb/24a.benchmark,4,3.85364
benchmark/imdb/24a.benchmark,5,3.78756
benchmark/imdb/24a.benchmark,6,3.71192
benchmark/imdb/24a.benchmark,7,3.76451
benchmark/imdb/24a.benchmark,8,3.85136
benchmark/imdb/24a.benchmark,9,3.83816
benchmark/imdb/24a.benchmark,10,3.73106
benchmark/imdb/24a.benchmark,11,3.74064
benchmark/imdb/24a.benchmark,12,3.75626
benchmark/imdb/24a.benchmark,13,3.8267
benchmark/imdb/24a.benchmark,14,3.8153
benchmark/imdb/24a.benchmark,15,3.82206
benchmark/imdb/24a.benchmark,16,3.73544
benchmark/imdb/24a.benchmark,17,3.76983
benchmark/imdb/24a.benchmark,18,3.84081
benchmark/imdb/24a.benchmark,19,3.84196
benchmark/imdb/24a.benchmark,20,3.76
benchmark/imdb/24b.benchmark,1,3.30929
benchmark/imdb/24b.benchmark,2,3.3444
benchmark/imdb/24b.benchmark,3,3.31669
benchmark/imdb/24b.benchmark,4,3.27289
benchmark/imdb/24b.benchmark,5,3.26158
benchmark/imdb/24b.benchmark,6,3.28731
benchmark/imdb/24b.benchmark,7,3.27316
benchmark/imdb/24b.benchmark,8,3.28362
benchmark/imdb/24b.benchmark,9,3.30103
benchmark/imdb/24b.benchmark,10,3.40017
benchmark/imdb/24b.benchmark,11,3.34049
benchmark/imdb/24b.benchmark,12,3.29173
benchmark/imdb/24b.benchmark,13,3.28562
benchmark/imdb/24b.benchmark,14,3.26107
benchmark/imdb/24b.benchmark,15,3.24349
benchmark/imdb/24b.benchmark,16,3.24783
benchmark/imdb/24b.benchmark,17,3.28337
benchmark/imdb/24b.benchmark,18,3.36264
benchmark/imdb/24b.benchmark,19,3.32392
benchmark/imdb/24b.benchmark,20,3.2768
benchmark/imdb/25a.benchmark,1,2.98265
benchmark/imdb/25a.benchmark,2,2.96959
benchmark/imdb/25a.benchmark,3,2.99903
benchmark/imdb/25a.benchmark,4,3.06533
benchmark/imdb/25a.benchmark,5,3.01769
benchmark/imdb/25a.benchmark,6,2.97014
benchmark/imdb/25a.benchmark,7,2.95832
benchmark/imdb/25a.benchmark,8,2.9628
benchmark/imdb/25a.benchmark,9,2.95079
benchmark/imdb/25a.benchmark,10,2.96809
benchmark/imdb/25a.benchmark,11,3.05222
benchmark/imdb/25a.benchmark,12,2.96288
benchmark/imdb/25a.benchmark,13,2.97686
benchmark/imdb/25a.benchmark,14,3.00951
benchmark/imdb/25a.benchmark,15,2.95606
benchmark/imdb/25a.benchmark,16,2.95541
benchmark/imdb/25a.benchmark,17,2.95195
benchmark/imdb/25a.benchmark,18,2.95651
benchmark/imdb/25a.benchmark,19,2.95264
benchmark/imdb/25a.benchmark,20,2.97266
benchmark/imdb/25b.benchmark,1,2.61654
benchmark/imdb/25b.benchmark,2,2.62449
benchmark/imdb/25b.benchmark,3,2.71059
benchmark/imdb/25b.benchmark,4,2.61908
benchmark/imdb/25b.benchmark,5,2.62235
benchmark/imdb/25b.benchmark,6,2.65331
benchmark/imdb/25b.benchmark,7,2.6226
benchmark/imdb/25b.benchmark,8,2.61357
benchmark/imdb/25b.benchmark,9,2.62075
benchmark/imdb/25b.benchmark,10,2.62072
benchmark/imdb/25b.benchmark,11,2.61623
benchmark/imdb/25b.benchmark,12,2.61379
benchmark/imdb/25b.benchmark,13,2.63395
benchmark/imdb/25b.benchmark,14,2.6181
benchmark/imdb/25b.benchmark,15,2.64372
benchmark/imdb/25b.benchmark,16,2.68858
benchmark/imdb/25b.benchmark,17,2.71333
benchmark/imdb/25b.benchmark,18,2.60662
benchmark/imdb/25b.benchmark,19,2.61448
benchmark/imdb/25b.benchmark,20,2.61804
benchmark/imdb/25c.benchmark,1,3.9352
benchmark/imdb/25c.benchmark,2,3.95676
benchmark/imdb/25c.benchmark,3,4.00892
benchmark/imdb/25c.benchmark,4,4.02192
benchmark/imdb/25c.benchmark,5,4.00104
benchmark/imdb/25c.benchmark,6,3.93965
benchmark/imdb/25c.benchmark,7,3.96172
benchmark/imdb/25c.benchmark,8,4.08312
benchmark/imdb/25c.benchmark,9,3.96238
benchmark/imdb/25c.benchmark,10,3.94663
benchmark/imdb/25c.benchmark,11,3.92767
benchmark/imdb/25c.benchmark,12,3.9703
benchmark/imdb/25c.benchmark,13,3.93616
benchmark/imdb/25c.benchmark,14,3.93599
benchmark/imdb/25c.benchmark,15,3.93935
benchmark/imdb/25c.benchmark,16,3.93827
benchmark/imdb/25c.benchmark,17,4.02583
benchmark/imdb/25c.benchmark,18,3.9462
benchmark/imdb/25c.benchmark,19,4.04405
benchmark/imdb/25c.benchmark,20,3.93837
benchmark/imdb/26a.benchmark,1,2.24777
benchmark/imdb/26a.benchmark,2,2.23692
benchmark/imdb/26a.benchmark,3,2.27146
benchmark/imdb/26a.benchmark,4,2.24832
benchmark/imdb/26a.benchmark,5,2.23728
benchmark/imdb/26a.benchmark,6,2.24864
benchmark/imdb/26a.benchmark,7,2.2321
benchmark/imdb/26a.benchmark,8,2.24325
benchmark/imdb/26a.benchmark,9,2.24898
benchmark/imdb/26a.benchmark,10,2.24276
benchmark/imdb/26a.benchmark,11,2.25114
benchmark/imdb/26a.benchmark,12,2.2406
benchmark/imdb/26a.benchmark,13,2.2582
benchmark/imdb/26a.benchmark,14,2.2335
benchmark/imdb/26a.benchmark,15,2.23098
benchmark/imdb/26a.benchmark,16,2.25753
benchmark/imdb/26a.benchmark,17,2.22849
benchmark/imdb/26a.benchmark,18,2.24108
benchmark/imdb/26a.benchmark,19,2.23887
benchmark/imdb/26a.benchmark,20,2.24855
benchmark/imdb/26b.benchmark,1,1.51033
benchmark/imdb/26b.benchmark,2,1.50957
benchmark/imdb/26b.benchmark,3,1.51107
benchmark/imdb/26b.benchmark,4,1.50957
benchmark/imdb/26b.benchmark,5,1.50984
benchmark/imdb/26b.benchmark,6,1.51446
benchmark/imdb/26b.benchmark,7,1.50846
benchmark/imdb/26b.benchmark,8,1.5178
benchmark/imdb/26b.benchmark,9,1.50983
benchmark/imdb/26b.benchmark,10,1.50697
benchmark/imdb/26b.benchmark,11,1.51154
benchmark/imdb/26b.benchmark,12,1.51206
benchmark/imdb/26b.benchmark,13,1.51376
benchmark/imdb/26b.benchmark,14,1.51108
benchmark/imdb/26b.benchmark,15,1.51787
benchmark/imdb/26b.benchmark,16,1.51463
benchmark/imdb/26b.benchmark,17,1.53421
benchmark/imdb/26b.benchmark,18,1.51473
benchmark/imdb/26b.benchmark,19,1.51175
benchmark/imdb/26b.benchmark,20,1.51268
benchmark/imdb/26c.benchmark,1,2.48773
benchmark/imdb/26c.benchmark,2,2.50309
benchmark/imdb/26c.benchmark,3,2.47866
benchmark/imdb/26c.benchmark,4,2.48122
benchmark/imdb/26c.benchmark,5,2.52212
benchmark/imdb/26c.benchmark,6,2.50363
benchmark/imdb/26c.benchmark,7,2.47452
benchmark/imdb/26c.benchmark,8,2.47947
benchmark/imdb/26c.benchmark,9,2.48372
benchmark/imdb/26c.benchmark,10,2.47559
benchmark/imdb/26c.benchmark,11,2.48443
benchmark/imdb/26c.benchmark,12,2.47493
benchmark/imdb/26c.benchmark,13,2.513
benchmark/imdb/26c.benchmark,14,2.536
benchmark/imdb/26c.benchmark,15,2.47152
benchmark/imdb/26c.benchmark,16,2.47467
benchmark/imdb/26c.benchmark,17,2.49442
benchmark/imdb/26c.benchmark,18,2.47856
benchmark/imdb/26c.benchmark,19,2.50088
benchmark/imdb/26c.benchmark,20,2.52256
benchmark/imdb/27a.benchmark,1,1.28779
benchmark/imdb/27a.benchmark,2,1.27272
benchmark/imdb/27a.benchmark,3,1.2781
benchmark/imdb/27a.benchmark,4,1.27746
benchmark/imdb/27a.benchmark,5,1.27791
benchmark/imdb/27a.benchmark,6,1.28964
benchmark/imdb/27a.benchmark,7,1.27964
benchmark/imdb/27a.benchmark,8,1.28001
benchmark/imdb/27a.benchmark,9,1.28872
benchmark/imdb/27a.benchmark,10,1.28548
benchmark/imdb/27a.benchmark,11,1.28341
benchmark/imdb/27a.benchmark,12,1.27263
benchmark/imdb/27a.benchmark,13,1.28272
benchmark/imdb/27a.benchmark,14,1.2761
benchmark/imdb/27a.benchmark,15,1.2816
benchmark/imdb/27a.benchmark,16,1.28776
benchmark/imdb/27a.benchmark,17,1.28018
benchmark/imdb/27a.benchmark,18,1.28459
benchmark/imdb/27a.benchmark,19,1.28252
benchmark/imdb/27a.benchmark,20,1.27863
benchmark/imdb/27b.benchmark,1,1.24967
benchmark/imdb/27b.benchmark,2,1.25713
benchmark/imdb/27b.benchmark,3,1.25197
benchmark/imdb/27b.benchmark,4,1.2528
benchmark/imdb/27b.benchmark,5,1.25181
benchmark/imdb/27b.benchmark,6,1.26102
benchmark/imdb/27b.benchmark,7,1.25234
benchmark/imdb/27b.benchmark,8,1.25469
benchmark/imdb/27b.benchmark,9,1.25596
benchmark/imdb/27b.benchmark,10,1.26028
benchmark/imdb/27b.benchmark,11,1.25974
benchmark/imdb/27b.benchmark,12,1.2513
benchmark/imdb/27b.benchmark,13,1.25005
benchmark/imdb/27b.benchmark,14,1.25464
benchmark/imdb/27b.benchmark,15,1.25951
benchmark/imdb/27b.benchmark,16,1.25722
benchmark/imdb/27b.benchmark,17,1.26079
benchmark/imdb/27b.benchmark,18,1.2622
benchmark/imdb/27b.benchmark,19,1.25448
benchmark/imdb/27b.benchmark,20,1.25403
benchmark/imdb/27c.benchmark,1,1.51717
benchmark/imdb/27c.benchmark,2,1.51351
benchmark/imdb/27c.benchmark,3,1.52442
benchmark/imdb/27c.benchmark,4,1.51845
benchmark/imdb/27c.benchmark,5,1.52004
benchmark/imdb/27c.benchmark,6,1.51918
benchmark/imdb/27c.benchmark,7,1.53363
benchmark/imdb/27c.benchmark,8,1.55957
benchmark/imdb/27c.benchmark,9,1.51507
benchmark/imdb/27c.benchmark,10,1.5195
benchmark/imdb/27c.benchmark,11,1.52389
benchmark/imdb/27c.benchmark,12,1.54703
benchmark/imdb/27c.benchmark,13,1.55052
benchmark/imdb/27c.benchmark,14,1.52452
benchmark/imdb/27c.benchmark,15,1.52091
benchmark/imdb/27c.benchmark,16,1.5233
benchmark/imdb/27c.benchmark,17,1.52262
benchmark/imdb/27c.benchmark,18,1.52313
benchmark/imdb/27c.benchmark,19,1.51469
benchmark/imdb/27c.benchmark,20,1.5194
benchmark/imdb/28a.benchmark,1,2.16559
benchmark/imdb/28a.benchmark,2,2.15372
benchmark/imdb/28a.benchmark,3,2.16025
benchmark/imdb/28a.benchmark,4,2.15952
benchmark/imdb/28a.benchmark,5,2.15695
benchmark/imdb/28a.benchmark,6,2.15492
benchmark/imdb/28a.benchmark,7,2.21605
benchmark/imdb/28a.benchmark,8,2.1894
benchmark/imdb/28a.benchmark,9,2.17085
benchmark/imdb/28a.benchmark,10,2.15871
benchmark/imdb/28a.benchmark,11,2.16345
benchmark/imdb/28a.benchmark,12,2.15686
benchmark/imdb/28a.benchmark,13,2.1774
benchmark/imdb/28a.benchmark,14,2.15843
benchmark/imdb/28a.benchmark,15,2.16571
benchmark/imdb/28a.benchmark,16,2.16482
benchmark/imdb/28a.benchmark,17,2.15765
benchmark/imdb/28a.benchmark,18,2.15552
benchmark/imdb/28a.benchmark,19,2.16614
benchmark/imdb/28a.benchmark,20,2.1529
benchmark/imdb/28b.benchmark,1,1.61461
benchmark/imdb/28b.benchmark,2,1.61155
benchmark/imdb/28b.benchmark,3,1.62007
benchmark/imdb/28b.benchmark,4,1.62012
benchmark/imdb/28b.benchmark,5,1.61908
benchmark/imdb/28b.benchmark,6,1.61294
benchmark/imdb/28b.benchmark,7,1.61534
benchmark/imdb/28b.benchmark,8,1.62116
benchmark/imdb/28b.benchmark,9,1.61841
benchmark/imdb/28b.benchmark,10,1.61371
benchmark/imdb/28b.benchmark,11,1.658
benchmark/imdb/28b.benchmark,12,1.62188
benchmark/imdb/28b.benchmark,13,1.62203
benchmark/imdb/28b.benchmark,14,1.6988
benchmark/imdb/28b.benchmark,15,1.62049
benchmark/imdb/28b.benchmark,16,1.62641
benchmark/imdb/28b.benchmark,17,1.61932
benchmark/imdb/28b.benchmark,18,1.62971
benchmark/imdb/28b.benchmark,19,1.62328
benchmark/imdb/28b.benchmark,20,1.61871
benchmark/imdb/28c.benchmark,1,2.23653
benchmark/imdb/28c.benchmark,2,2.22785
benchmark/imdb/28c.benchmark,3,2.22955
benchmark/imdb/28c.benchmark,4,2.30344
benchmark/imdb/28c.benchmark,5,2.25517
benchmark/imdb/28c.benchmark,6,2.2325
benchmark/imdb/28c.benchmark,7,2.22207
benchmark/imdb/28c.benchmark,8,2.25038
benchmark/imdb/28c.benchmark,9,2.22778
benchmark/imdb/28c.benchmark,10,2.22916
benchmark/imdb/28c.benchmark,11,2.23205
benchmark/imdb/28c.benchmark,12,2.22926
benchmark/imdb/28c.benchmark,13,2.24026
benchmark/imdb/28c.benchmark,14,2.25036
benchmark/imdb/28c.benchmark,15,2.24402
benchmark/imdb/28c.benchmark,16,2.2394
benchmark/imdb/28c.benchmark,17,2.25695
benchmark/imdb/28c.benchmark,18,2.29984
benchmark/imdb/28c.benchmark,19,2.26029
benchmark/imdb/28c.benchmark,20,2.30635
benchmark/imdb/29a.benchmark,1,3.34725
benchmark/imdb/29a.benchmark,2,3.32165
benchmark/imdb/29a.benchmark,3,3.3318
benchmark/imdb/29a.benchmark,4,3.33983
benchmark/imdb/29a.benchmark,5,3.33884
benchmark/imdb/29a.benchmark,6,3.35122
benchmark/imdb/29a.benchmark,7,3.41399
benchmark/imdb/29a.benchmark,8,3.37164
benchmark/imdb/29a.benchmark,9,3.37297
benchmark/imdb/29a.benchmark,10,3.33895
benchmark/imdb/29a.benchmark,11,3.33229
benchmark/imdb/29a.benchmark,12,3.32999
benchmark/imdb/29a.benchmark,13,3.36389
benchmark/imdb/29a.benchmark,14,3.3846
benchmark/imdb/29a.benchmark,15,3.38662
benchmark/imdb/29a.benchmark,16,3.44518
benchmark/imdb/29a.benchmark,17,3.34485
benchmark/imdb/29a.benchmark,18,3.32992
benchmark/imdb/29a.benchmark,19,3.34234
benchmark/imdb/29a.benchmark,20,3.33578
benchmark/imdb/29b.benchmark,1,3.10639
benchmark/imdb/29b.benchmark,2,3.11246
benchmark/imdb/29b.benchmark,3,3.11247
benchmark/imdb/29b.benchmark,4,3.11662
benchmark/imdb/29b.benchmark,5,3.19193
benchmark/imdb/29b.benchmark,6,3.114
benchmark/imdb/29b.benchmark,7,3.12258
benchmark/imdb/29b.benchmark,8,3.11104
benchmark/imdb/29b.benchmark,9,3.17237
benchmark/imdb/29b.benchmark,10,3.11658
benchmark/imdb/29b.benchmark,11,3.10583
benchmark/imdb/29b.benchmark,12,3.13883
benchmark/imdb/29b.benchmark,13,3.1085
benchmark/imdb/29b.benchmark,14,3.11679
benchmark/imdb/29b.benchmark,15,3.17051
benchmark/imdb/29b.benchmark,16,3.17548
benchmark/imdb/29b.benchmark,17,3.19424
benchmark/imdb/29b.benchmark,18,3.11764
benchmark/imdb/29b.benchmark,19,3.11533
benchmark/imdb/29b.benchmark,20,3.11513
benchmark/imdb/29c.benchmark,1,3.63278
benchmark/imdb/29c.benchmark,2,3.62589
benchmark/imdb/29c.benchmark,3,3.63387
benchmark/imdb/29c.benchmark,4,3.62528
benchmark/imdb/29c.benchmark,5,3.72431
benchmark/imdb/29c.benchmark,6,3.64859
benchmark/imdb/29c.benchmark,7,3.69881
benchmark/imdb/29c.benchmark,8,3.63407
benchmark/imdb/29c.benchmark,9,3.66396
benchmark/imdb/29c.benchmark,10,3.68229
benchmark/imdb/29c.benchmark,11,3.72051
benchmark/imdb/29c.benchmark,12,3.71718
benchmark/imdb/29c.benchmark,13,3.65743
benchmark/imdb/29c.benchmark,14,3.63054
benchmark/imdb/29c.benchmark,15,3.62796
benchmark/imdb/29c.benchmark,16,3.70598
benchmark/imdb/29c.benchmark,17,3.70707
benchmark/imdb/29c.benchmark,18,3.62777
benchmark/imdb/29c.benchmark,19,3.62224
benchmark/imdb/29c.benchmark,20,3.6915
benchmark/imdb/30a.benchmark,1,2.86262
benchmark/imdb/30a.benchmark,2,2.77193
benchmark/imdb/30a.benchmark,3,2.78078
benchmark/imdb/30a.benchmark,4,2.77458
benchmark/imdb/30a.benchmark,5,2.78594
benchmark/imdb/30a.benchmark,6,2.77455
benchmark/imdb/30a.benchmark,7,2.76882
benchmark/imdb/30a.benchmark,8,2.77807
benchmark/imdb/30a.benchmark,9,2.8438
benchmark/imdb/30a.benchmark,10,2.76479
benchmark/imdb/30a.benchmark,11,2.7668
benchmark/imdb/30a.benchmark,12,2.81632
benchmark/imdb/30a.benchmark,13,2.7779
benchmark/imdb/30a.benchmark,14,2.77772
benchmark/imdb/30a.benchmark,15,2.77928
benchmark/imdb/30a.benchmark,16,2.75799
benchmark/imdb/30a.benchmark,17,2.78135
benchmark/imdb/30a.benchmark,18,2.75857
benchmark/imdb/30a.benchmark,19,2.80497
benchmark/imdb/30a.benchmark,20,2.83983
benchmark/imdb/30b.benchmark,1,2.79192
benchmark/imdb/30b.benchmark,2,2.79445
benchmark/imdb/30b.benchmark,3,2.80487
benchmark/imdb/30b.benchmark,4,2.79179
benchmark/imdb/30b.benchmark,5,2.8047
benchmark/imdb/30b.benchmark,6,2.79533
benchmark/imdb/30b.benchmark,7,2.81283
benchmark/imdb/30b.benchmark,8,2.87932
benchmark/imdb/30b.benchmark,9,2.80881
benchmark/imdb/30b.benchmark,10,2.79302
benchmark/imdb/30b.benchmark,11,2.82624
benchmark/imdb/30b.benchmark,12,2.80322
benchmark/imdb/30b.benchmark,13,2.80577
benchmark/imdb/30b.benchmark,14,2.78832
benchmark/imdb/30b.benchmark,15,2.80082
benchmark/imdb/30b.benchmark,16,2.81715
benchmark/imdb/30b.benchmark,17,2.88248
benchmark/imdb/30b.benchmark,18,2.79728
benchmark/imdb/30b.benchmark,19,2.79786
benchmark/imdb/30b.benchmark,20,2.87773
benchmark/imdb/30c.benchmark,1,3.63663
benchmark/imdb/30c.benchmark,2,3.62254
benchmark/imdb/30c.benchmark,3,3.64735
benchmark/imdb/30c.benchmark,4,3.64922
benchmark/imdb/30c.benchmark,5,3.67137
benchmark/imdb/30c.benchmark,6,3.65904
benchmark/imdb/30c.benchmark,7,3.65092
benchmark/imdb/30c.benchmark,8,3.61059
benchmark/imdb/30c.benchmark,9,3.55257
benchmark/imdb/30c.benchmark,10,3.55889
benchmark/imdb/30c.benchmark,11,3.55454
benchmark/imdb/30c.benchmark,12,3.56845
benchmark/imdb/30c.benchmark,13,3.67103
benchmark/imdb/30c.benchmark,14,3.56785
benchmark/imdb/30c.benchmark,15,3.6123
benchmark/imdb/30c.benchmark,16,3.56756
benchmark/imdb/30c.benchmark,17,3.63244
benchmark/imdb/30c.benchmark,18,3.64191
benchmark/imdb/30c.benchmark,19,3.72721
benchmark/imdb/30c.benchmark,20,3.57291
benchmark/imdb/31a.benchmark,1,2.99116
benchmark/imdb/31a.benchmark,2,3.0186
benchmark/imdb/31a.benchmark,3,3.04884
benchmark/imdb/31a.benchmark,4,2.96528
benchmark/imdb/31a.benchmark,5,2.96358
benchmark/imdb/31a.benchmark,6,2.96696
benchmark/imdb/31a.benchmark,7,2.96494
benchmark/imdb/31a.benchmark,8,2.97028
benchmark/imdb/31a.benchmark,9,2.96575
benchmark/imdb/31a.benchmark,10,2.97021
benchmark/imdb/31a.benchmark,11,3.04641
benchmark/imdb/31a.benchmark,12,2.9839
benchmark/imdb/31a.benchmark,13,2.9674
benchmark/imdb/31a.benchmark,14,2.96794
benchmark/imdb/31a.benchmark,15,3.01772
benchmark/imdb/31a.benchmark,16,2.99674
benchmark/imdb/31a.benchmark,17,2.96874
benchmark/imdb/31a.benchmark,18,2.95271
benchmark/imdb/31a.benchmark,19,2.962
benchmark/imdb/31a.benchmark,20,2.97726
benchmark/imdb/31b.benchmark,1,3.02954
benchmark/imdb/31b.benchmark,2,3.09217
benchmark/imdb/31b.benchmark,3,2.99718
benchmark/imdb/31b.benchmark,4,2.99339
benchmark/imdb/31b.benchmark,5,2.99574
benchmark/imdb/31b.benchmark,6,2.99443
benchmark/imdb/31b.benchmark,7,3.00302
benchmark/imdb/31b.benchmark,8,3.08095
benchmark/imdb/31b.benchmark,9,2.9935
benchmark/imdb/31b.benchmark,10,2.98972
benchmark/imdb/31b.benchmark,11,3.04564
benchmark/imdb/31b.benchmark,12,3.02882
benchmark/imdb/31b.benchmark,13,2.99872
benchmark/imdb/31b.benchmark,14,2.99554
benchmark/imdb/31b.benchmark,15,3.02923
benchmark/imdb/31b.benchmark,16,3.00665
benchmark/imdb/31b.benchmark,17,3.05485
benchmark/imdb/31b.benchmark,18,3.08143
benchmark/imdb/31b.benchmark,19,2.99748
benchmark/imdb/31b.benchmark,20,2.9918
benchmark/imdb/31c.benchmark,1,3.67535
benchmark/imdb/31c.benchmark,2,3.67996
benchmark/imdb/31c.benchmark,3,3.72654
benchmark/imdb/31c.benchmark,4,3.70952
benchmark/imdb/31c.benchmark,5,3.75516
benchmark/imdb/31c.benchmark,6,3.70683
benchmark/imdb/31c.benchmark,7,3.70331
benchmark/imdb/31c.benchmark,8,3.73644
benchmark/imdb/31c.benchmark,9,3.72962
benchmark/imdb/31c.benchmark,10,3.75777
benchmark/imdb/31c.benchmark,11,3.6967
benchmark/imdb/31c.benchmark,12,3.68121
benchmark/imdb/31c.benchmark,13,3.68485
benchmark/imdb/31c.benchmark,14,3.77164
benchmark/imdb/31c.benchmark,15,3.75339
benchmark/imdb/31c.benchmark,16,3.72852
benchmark/imdb/31c.benchmark,17,3.70979
benchmark/imdb/31c.benchmark,18,3.72102
benchmark/imdb/31c.benchmark,19,3.75912
benchmark/imdb/31c.benchmark,20,3.76274
benchmark/imdb/32a.benchmark,1,0.0408054
benchmark/imdb/32a.benchmark,2,0.0416175
benchmark/imdb/32a.benchmark,3,0.0408272
benchmark/imdb/32a.benchmark,4,0.0419088
benchmark/imdb/32a.benchmark,5,0.0413532
benchmark/imdb/32a.benchmark,6,0.0406621
benchmark/imdb/32a.benchmark,7,0.04159
benchmark/imdb/32a.benchmark,8,0.0408147
benchmark/imdb/32a.benchmark,9,0.041823
benchmark/imdb/32a.benchmark,10,0.0414778
benchmark/imdb/32a.benchmark,11,0.0419164
benchmark/imdb/32a.benchmark,12,0.0407355
benchmark/imdb/32a.benchmark,13,0.0407372
benchmark/imdb/32a.benchmark,14,0.0418151
benchmark/imdb/32a.benchmark,15,0.0407659
benchmark/imdb/32a.benchmark,16,0.0410561
benchmark/imdb/32a.benchmark,17,0.0416071
benchmark/imdb/32a.benchmark,18,0.0420234
benchmark/imdb/32a.benchmark,19,0.0407886
benchmark/imdb/32a.benchmark,20,0.0414371
benchmark/imdb/32b.benchmark,1,0.533013
benchmark/imdb/32b.benchmark,2,0.532091
benchmark/imdb/32b.benchmark,3,0.536807
benchmark/imdb/32b.benchmark,4,0.532299
benchmark/imdb/32b.benchmark,5,0.534186
benchmark/imdb/32b.benchmark,6,0.533571
benchmark/imdb/32b.benchmark,7,0.532323
benchmark/imdb/32b.benchmark,8,0.533182
benchmark/imdb/32b.benchmark,9,0.533009
benchmark/imdb/32b.benchmark,10,0.532914
benchmark/imdb/32b.benchmark,11,0.532026
benchmark/imdb/32b.benchmark,12,0.53324
benchmark/imdb/32b.benchmark,13,0.532957
benchmark/imdb/32b.benchmark,14,0.532404
benchmark/imdb/32b.benchmark,15,0.532294
benchmark/imdb/32b.benchmark,16,0.532295
benchmark/imdb/32b.benchmark,17,0.532497
benchmark/imdb/32b.benchmark,18,0.532437
benchmark/imdb/32b.benchmark,19,0.531796
benchmark/imdb/32b.benchmark,20,0.532277
benchmark/imdb/33a.benchmark,1,0.748143
benchmark/imdb/33a.benchmark,2,0.748453
benchmark/imdb/33a.benchmark,3,0.751459
benchmark/imdb/33a.benchmark,4,0.747589
benchmark/imdb/33a.benchmark,5,0.748409
benchmark/imdb/33a.benchmark,6,0.747344
benchmark/imdb/33a.benchmark,7,0.74784
benchmark/imdb/33a.benchmark,8,0.747809
benchmark/imdb/33a.benchmark,9,0.748664
benchmark/imdb/33a.benchmark,10,0.748779
benchmark/imdb/33a.benchmark,11,0.74799
benchmark/imdb/33a.benchmark,12,0.748221
benchmark/imdb/33a.benchmark,13,0.748397
benchmark/imdb/33a.benchmark,14,0.74806
benchmark/imdb/33a.benchmark,15,0.74583
benchmark/imdb/33a.benchmark,16,0.77306
benchmark/imdb/33a.benchmark,17,0.750232
benchmark/imdb/33a.benchmark,18,0.747375
benchmark/imdb/33a.benchmark,19,0.748599
benchmark/imdb/33a.benchmark,20,0.748201
benchmark/imdb/33b.benchmark,1,0.725902
benchmark/imdb/33b.benchmark,2,0.725717
benchmark/imdb/33b.benchmark,3,0.725907
benchmark/imdb/33b.benchmark,4,0.726194
benchmark/imdb/33b.benchmark,5,0.72708
benchmark/imdb/33b.benchmark,6,0.731396
benchmark/imdb/33b.benchmark,7,0.724759
benchmark/imdb/33b.benchmark,8,0.727902
benchmark/imdb/33b.benchmark,9,0.723848
benchmark/imdb/33b.benchmark,10,0.724336
benchmark/imdb/33b.benchmark,11,0.724222
benchmark/imdb/33b.benchmark,12,0.726438
benchmark/imdb/33b.benchmark,13,0.724761
benchmark/imdb/33b.benchmark,14,0.724421
benchmark/imdb/33b.benchmark,15,0.724981
benchmark/imdb/33b.benchmark,16,0.724309
benchmark/imdb/33b.benchmark,17,0.725527
benchmark/imdb/33b.benchmark,18,0.725
benchmark/imdb/33b.benchmark,19,0.726775
benchmark/imdb/33b.benchmark,20,0.724837
benchmark/imdb/33c.benchmark,1,0.777251
benchmark/imdb/33c.benchmark,2,0.777703
benchmark/imdb/33c.benchmark,3,0.776682
benchmark/imdb/33c.benchmark,4,0.777204
benchmark/imdb/33c.benchmark,5,0.777315
benchmark/imdb/33c.benchmark,6,0.775523
benchmark/imdb/33c.benchmark,7,0.776542
benchmark/imdb/33c.benchmark,8,0.774365
benchmark/imdb/33c.benchmark,9,0.775327
benchmark/imdb/33c.benchmark,10,0.775332
benchmark/imdb/33c.benchmark,11,0.775042
benchmark/imdb/33c.benchmark,12,0.774719
benchmark/imdb/33c.benchmark,13,0.776468
benchmark/imdb/33c.benchmark,14,0.776927
benchmark/imdb/33c.benchmark,15,0.776264
benchmark/imdb/33c.benchmark,16,0.775895
benchmark/imdb/33c.benchmark,17,0.776993
benchmark/imdb/33c.benchmark,18,0.77506
benchmark/imdb/33c.benchmark,19,0.777638
benchmark/imdb/33c.benchmark,20,0.776434
